ID_text,Title,Author,Editor,Additional info,nodegoat ID
1,Rötteler Chronik,,,,ngIX4Y676GtU1GXxzG801TtepGU
1,Rötteler Chronik,,,,ngMB5C070LBY2KBZdKk4uXxCtMO
1,Rötteler Chronik,,,,ngIX7Y272HdU3GXfzGA63TtOpGK
1,Rötteler Chronik,,,,ngNC7D777MSZvLCMeMl12YyfuLZ
1,Rötteler Chronik,,,,ngJY2Z171HOV4HYUaIB5tUuHqIr
1,Rötteler Chronik,,,,ngLA2B373JQX4JAacLD74WwzsLN
2,Libellus de magnificentia ducis Burgundiae in Treveris visa conscriptus,,,,ngZO3P777XELjXOMqXR1jKkrgYL
3,Konstanzer Jahrgeschichten,,,,ngLA4B979KAXuJAacLD34WwBsJN
3,Konstanzer Jahrgeschichten,,,,ngOD5E272MjA6MDRfM463ZzIvMQ
3,Konstanzer Jahrgeschichten,,,,ngQF5G474OlC6OFThOY86BbAxOy
3,Konstanzer Jahrgeschichten,,,,ngZO6P373YEL8XOQqXR73KkJgYh
3,Konstanzer Jahrgeschichten,,,,ngAP6Q474ZFM8YPVrZI87LlUhZs
3,Konstanzer Jahrgeschichten,,,,ngIX7Y272HdU3GXfzGA63TtOpGK
3,Konstanzer Jahrgeschichten,,,,ngYN8O878WjK8WNTpYG29JjS
3,Konstanzer Jahrgeschichten,,,,ngBQ9V171ZQN4ZQWsZJ5lMmD
3,Konstanzer Jahrgeschichten,,,,ngCR9S272CHO5ARTtAU6mNny
3,Konstanzer Jahrgeschichten,,,,ngDS4T171BIPoBSYuCL54OozkCF
3,Konstanzer Jahrgeschichten,,,,ngLA4B979KAXuJAecJT33WwdsJt
4,Konstanzer Bischofsliste,,,,ngLA4B979KAXuJAacLD34WwBsJN
4,Konstanzer Bischofsliste,,,,ngQF5G474OlC6OFThOY86BbAxOy
4,Konstanzer Bischofsliste,,,,ngZO6P373YEL8XOQqXR73KkJgYh
4,Konstanzer Bischofsliste,,,,ngAP6Q474ZFM8YPVrZI87LlUhZs
4,Konstanzer Bischofsliste,,,,ngYN8O878WjK8WNTpYG29JjS
4,Konstanzer Bischofsliste,,,,ngBQ9V171ZQN4ZQWsZJ5lMmD
4,Konstanzer Bischofsliste,,,,ngCR9S272CHO5ARTtAU6mNny
4,Konstanzer Bischofsliste,,,,ngDS4T171BIPoBSYuCL54OozkCF
4,Konstanzer Bischofsliste,,,,ngLA4B979KAXuJAecJT33WwdsJt
5,Züricher Chronik,,,,ngET4U272CpQ6CTLvCM64PpGlDw
8,Weltchronik,Rudolf von Ems,,,ngIX7Y272HdU3GXfzGA63TtOpGK
9,Sächsische Weltchronik,,,,ngIX7Y272HdU3GXfzGA63TtOpGK
10,Alexander,Pfaffe Lamprecht,,Basler Bearbeitung,ngIX7Y272HdU3GXfzGA63TtOpGK
11,Reisebeschreibung,Jean de Mandeville,Otto von Diemering,dt. Übersetzung,ngPE7F979OUBaNESgNn33AaBwNh
11,Reisebeschreibung,Jean de Mandeville,Otto von Diemering,dt. Übersetzung,ngAP3Q878YFMjYPNrZS20LlshZC
12,Historia trium regum,Johannes von Hildesheim,,,ngAP1s272ZPM7YPHrZS6iLlw
12,Historia trium regum,Johannes von Hildesheim,,,ngAP3Q878YFMjYPNrZS20LlshZC
13,Salzburger Bistumschronik: Chronica pontificum sancte Salczeburgensis ecclesie,,,,ngRG8H171QWD3PGCiQZ5aCcPyRT
14,Salzburger Bischofsliste: Catalogus brevis omnium presulum Saltzburgensium,,,,ngNC5D171MCZ2LCAeLV5vYyPuLZ
15,Haguenauer Chronik,,,,ngMB7C676LRYvKBLdL801XxOtLu
16,Cleomades Fragment,Adenes,,dt. Übersetzung,ngNC7D777MSZvLCMeMl12YyfuLZ
17,Vocabularius Ex quo,,,,ngUJ3K272SJG4SJBlS46dFfKbUW
18,Burgundische Legende,,,,ngRG0n373RWDaPGMiQJ7bCcX
18,Burgundische Legende,,,,ngVK3L373TKH4TKCmTt7eGgHcUH
19,Österreichische Chronik von den 95 Herrschaften,,,,ngYN8O878WjK8WNTpYG29JjS
19,Österreichische Chronik von den 95 Herrschaften,,,,ngWL6M070UhI2ULJnVE40HhMdVI
20,König- und Kaiserchronik,Jakob Twinger von Königshofen,Johann Bämler,Druck  GW M48346,ngSH8I272RXE3QHljQK62DdMzQk
21,Gmünder Chronik,,,,ngOD5E272MjA6MDRfM463ZzIvMQ
22,Reformation Kaiser Sigismunds,,,,ngNC5D171MCZ2LCAeLV5vYyPuLZ
22,Reformation Kaiser Sigismunds,,,,ngAP6Q474ZFM8YPVrZI87LlUhZs
22,Reformation Kaiser Sigismunds,,,,ngBQ6R575AwNlZQEsBT90MmxiZj
23,Reformation Friedrichs,,,,ngGV4W474ErS6EVFxFO8qRrMnFy
23,Reformation Friedrichs,,,,ngJY4Z777IYVuHYgaI91uUuVqHL
23,Reformation Friedrichs,,,,ngNC5D171MCZ2LCAeLV5vYyPuLZ
23,Reformation Friedrichs,,,,ngUJ5K878SfGeSJnlTs2cFfAbUW
23,Reformation Friedrichs,,,,ngAP6Q474ZFM8YPVrZI87LlUhZs
23,Reformation Friedrichs,,,,ngBQ6R575AwNlZQEsBT90MmxiZj
23,Reformation Friedrichs,,,,ngCR6S676BxOlARFtB801NnujBO
23,Reformation Friedrichs,,,,ngNC2D575LSZ9LCgeMF95YyXuMP
23,Reformation Friedrichs,,,,ngBQ6R575AwNlZQEsZT9mMmtiBD
24,Trotula,Johannes Hartlieb,,,ngRG5H575PcDzPGUiRJ96CcLyQD
25,Chronik von Weißenburg,Eikhart Artzt,,,ngRG5H575PcDzPGUiRJ96CcLyQD
26,Konzilschronik,Ulrich Richental,,,ngUJ5K878SfGeSJnlTs2cFfAbUW
27,Konzilschronik Auszüge,Ulrich Richental,,,ngZO1r171YEL6XOKqX355KkB
28,Weltchronik,Gebhard Dacher,,,ngZO1r171YEL6XOKqX355KkB
29,Speculum humanae salvationis,,,dt. Übersetzung,ngAP1s272ZPM7YPHrZS6iLlw
29,Speculum humanae salvationis,,,dt. Übersetzung,ngFU1b777DURqDUywFN17QqZ
30,Von der Zerstörung Jerusalems,,,dt. Prosaübersetzung aus dem Altfranzösischen,ngAP1s272ZPM7YPHrZS6iLlw
31,Der Seelen Wurzgarten,,,,ngAP1s272ZPM7YPHrZS6iLlw
32,Türkenbulle,Papst Calixtus III.,,,ngUJ5K878SfGeSJnlTs2cFfAbUW
33,Agrippina,Heinrich von Beeck,,,ngET9Y474CJQoCTLvEM85P5m
34,Pilgerreisebericht,Hans Koplär,,,ngGV9W676EVS7EVXxE81uRrW
35,Augsburger Annalen,,,,ngZO6P373YEL8XOQqXR73KkJgYh
36,Augsburger Bischofsliste,,,,ngAP6Q474ZFM8YPVrZI87LlUhZs
38,Reimpaargedichte,Jörg Zobel,,,ngAP6Q474ZFM8YPVrZI87LlUhZs
39,Der Renner,Hugo von Trimberg,,,ngFU4V373DqR6DUEwEd7pQqDmDn
39,Der Renner,Hugo von Trimberg,,,ngAP6Q474ZFM8YPVrZI87LlUhZs
40,Sibyllen Buch,,,,ngTI8J373SYF3RIikTB73EeVaSV
40,Sibyllen Buch,,,,ngFU1b777DURqDUywFN17QqZ
40,Sibyllen Buch,,,,ngGV1y878GLSrEVvxGY23Rrc
43,Seelentrost,,,,ngPE5F373NkB6NESgNn74AaRwOh
43,Seelentrost,,,,ngVK8L575TAHdTKCmTt9gGgL
45,Von den Zeichen der Messe,Berthold von Regensburg,,,ngAP3Q878YFMjYPNrZS20LlshZC
47,Hagenauer Chronik Auszüge,,,,ngHW4X575GWTpFWwyFf98SsJoFp
49,Bericht über Hexenverfolgung im Wallis,Hans Fründ,,,ngQF0m272PFC6OFnhOY62BbA
52,Officia,Cicero,,dt. Übersetzung von Kap. 4,ngTI0p575SeFdRIEkS798Eep
53,Flores temporum,,,,ngUJ5K878SfGeSJjlSs2fFfSbTW
55,De officiis ecclesiasticis tractatus,,,,ngUJ5K878SfGeSJjlSs2fFfSbTW
56,Lucidarius,,,,ngHW7X171GcT3FWeyFP52SsXoGT
57,Augsburger Chronik,Sigismund Meisterlin,,,ngYN6O272WjKjWNvpX466JjqfWK
60,Die Königin von Frankreich,Schondoch,,,ngCR6S676BxOlARFtBU00NnWjAO
61,Zwölf Meister über die Früchte der Messe,,,,ngCR6S676BxOlARFtBU00NnWjAO
62,Meinrad,,,,ngCR6S676BxOlARFtBU00NnWjAO
63,Speyrische Chronik,,,,ngGV7W070FbSqEVNxE245RrSnFI
64,medizinische Rezepte,,,,ngDS1v575CoPlBSQuBb97OoP
67,Legende des hl. Ulrich von Augsburg,,,,ngAP6Q474ZFM8YPVrZI87LlUhZs
68,Chronikalisches 1525-1545,Batt von Fegersheim,,,ngVK3L373TKH4TKCmTt7eGgHcUH
78,Colmarer Chronik,,,,ngHW4X575GWTpFWOyHZ96SsToGp
78,Colmarer Chronik,,,,ngIX7Y272HdU3GXfzGA63TtOpGK
79,Bundesbrief Eintritt Basels in Eidgenossenschaft 1501,,,,ngHW4X575GWTpFWOyHZ96SsToGp
80,Familienchronik Offenburg,Christoff Offenburg,,,ngHW4X575GWTpFWOyHZ96SsToGp
81,Aufzeichnungen zu Basel 1485-1490,,,,ngHW4X575GWTpFWOyHZ96SsToGp
82,Aufzeichnungen zu Bern 1485-1490,,,,ngHW4X575GWTpFWOyHZ96SsToGp
83,Aufzeichnungen zur Höhe des Straßburger Münsterturms,,,,ngHW4X575GWTpFWOyHZ96SsToGp
84,Liste der Toten bei Sempacher Schlacht,,,,ngHW4X575GWTpFWOyHZ96SsToGp
84,Liste der Toten bei Sempacher Schlacht,,,,ngIX7Y272HdU3GXfzGA63TtOpGK
84,Liste der Toten bei Sempacher Schlacht,,,,ngDS6T777CyPlBSCuBb11OoPkBl
85,Aufzeichnungen zur Basler Geschichte 1338-1499,,,,ngHW4X575GWTpFWOyHZ96SsToGp
86,Aufzeichnungen zur Schweizer Geschichte 1338-1499,,,,ngHW4X575GWTpFWOyHZ96SsToGp
87,Aufzeichnungen zum Italienkrieg zw. Franz I. und Karl von Bourbon (Schlacht von Pavia 1525),,,,ngHW4X575GWTpFWOyHZ96SsToGp
88,Aufzeichungen zum Bauernaufstand 1525,,,,ngHW4X575GWTpFWOyHZ96SsToGp
89,Bundesbrief zw. Bern und Solothurn 1351,,,,ngHW4X575GWTpFWOyHZ96SsToGp
90,Bundesbrief zw. Hugo von Hohenlandenberg und Eidgenossen 1497,,,,ngHW4X575GWTpFWOyHZ96SsToGp
91,Urkunde über Waldshuter Bund zw. Ferdinand I. und fünf kath. Schweizer Orten 1529,,,,ngHW4X575GWTpFWOyHZ96SsToGp
92,Zürcher Chronik der Kriege in Schwaben und Mailand 1499-1516,,,,ngHW4X575GWTpFWOyHZ96SsToGp
93,Liste der Geschlechter der Basler Achtbürger 1456 aus Rothem Buch,,,,ngHW4X575GWTpFWOyHZ96SsToGp
94,Notizen über ein Turnier 1454,,,,ngHW4X575GWTpFWOyHZ96SsToGp
95,Notizen über eine Hochzeit 1303,,,,ngHW4X575GWTpFWOyHZ96SsToGp
96,Notizen über Bepflanzung des Basler Domplatzes 1277,,,,ngHW4X575GWTpFWOyHZ96SsToGp
97,Verzeichnis der von Eidgenossen bis 1499 ausgerotteten Adelsgeschlechter,,,,ngHW4X575GWTpFWOyHZ96SsToGp
98,Urkunde über Basler Frieden 1499,,,,ngHW4X575GWTpFWOyHZ96SsToGp
99,Aufzeichnungen über Basels Verhalten im Schwabenkrieg 1499,,,,ngHW4X575GWTpFWOyHZ96SsToGp
100,Bericht über Treffen zw. Kaiser Friedrich III. und Karl dem Kühnen,,,,ngIX4Y676GtU1GXxzG801TtepGU
102,Notizen zur Basler Geschichte 1466-1494,,,,ngMB5C070LBY2KBZdKk4uXxCtMO
103,Trojanergedicht,,,,ngIX7Y272HdU3GXfzGA63TtOpGK
104,Annalen des Klosters Pairis 1335-1422,,,lat.,ngIX7Y272HdU3GXfzGA63TtOpGK
105,Notae historicae Argentinenis,,,dt. Übersetzung,ngIX7Y272HdU3GXfzGA63TtOpGK
106,Coronatio regis Frederici anno 1442,Erhard Appenwiler,,,ngIX7Y272HdU3GXfzGA63TtOpGK
107,Familiennachrichten Sinner,Heinrich Sinner,,,ngIX7Y272HdU3GXfzGA63TtOpGK
108,Aufzeichnungen zum Basler Krieg 1444-1446,Erhard Appenwiler,,,ngIX7Y272HdU3GXfzGA63TtOpGK
109,Ablassbulle Clemens',,,,ngOD7E878NTA8MDZfMG2xZzYvNQ
110,Von den Kirchen Roms und ihren Ablässen,,,,ngOD7E878NTA8MDZfMG2xZzYvNQ
111,Ablass zu Jerusalem,,,,ngOD7E878NTA8MDZfMG2xZzYvNQ
112,Von den fünf Herzeleiden Mariae,,,,ngOD7E878NTA8MDZfMG2xZzYvNQ
113,Der Gesang Josephs,Bernhard,,,ngOD7E878NTA8MDZfMG2xZzYvNQ
114,Ave Maris Stella,,,,ngOD7E878NTA8MDZfMG2xZzYvNQ
114,Ave Maris Stella,,,,ngAP3Q878YFMjYPNrZS20LlshZC
115,Von fünf Gebeten,,,,ngOD7E878NTA8MDZfMG2xZzYvNQ
116,Legende Von den Predigern,,,vgl. Legenda aurea,ngOD7E878NTA8MDZfMG2xZzYvNQ
117,Von Sapientia und ihren drei Töchtern,,,,ngOD7E878NTA8MDZfMG2xZzYvNQ
118,Vom Drachen zu Babylon,,,,ngOD7E878NTA8MDZfMG2xZzYvNQ
119,Gleichnis vom Wucherer,,,,ngOD7E878NTA8MDZfMG2xZzYvNQ
120,De arte moriendi,Dominicus de Capranica,,,ngOD7E878NTA8MDZfMG2xZzYvNQ
121,De theologica veritate,,,,ngOD7E878NTA8MDZfMG2xZzYvNQ
122,Notizen theolog. Inhalts,,,dt.,ngOD7E878NTA8MDZfMG2xZzYvNQ
123,De Confessione Morientium,,,,ngOD7E878NTA8MDZfMG2xZzYvNQ
124,Von den sieben Sakramenten,,,,ngOD7E878NTA8MDZfMG2xZzYvNQ
125,Notizen theolog. Inhalts,,,lat.,ngOD7E878NTA8MDZfMG2xZzYvNQ
126,Von den drei Wahrheiten,,,,ngOD7E878NTA8MDZfMG2xZzYvNQ
127,Sermo de passione domini,,,,ngOD7E878NTA8MDZfMG2xZzYvNQ
128,Von dem Sakrament,,,,ngOD7E878NTA8MDZfMG2xZzYvNQ
129,Benedictio contra dolorem matricis,,,,ngOD7E878NTA8MDZfMG2xZzYvNQ
130,Segen gegen Geschwülste,,,,ngOD7E878NTA8MDZfMG2xZzYvNQ
131,Segen gegen den Blutgang,,,,ngOD7E878NTA8MDZfMG2xZzYvNQ
132,Contra pestilenciam,,,,ngOD7E878NTA8MDZfMG2xZzYvNQ
133,Gegen die Pest,,,Verse,ngOD7E878NTA8MDZfMG2xZzYvNQ
134,De morte,,,,ngOD7E878NTA8MDZfMG2xZzYvNQ
135,Versus memoriales,,,,ngOD7E878NTA8MDZfMG2xZzYvNQ
136,Exempla bona et utilia,,,,ngOD7E878NTA8MDZfMG2xZzYvNQ
137,Miracula der Verkündung Mariens,,,,ngOD7E878NTA8MDZfMG2xZzYvNQ
138,Miracula vom heiligen Blasius,,,,ngOD7E878NTA8MDZfMG2xZzYvNQ
139,Hymne Audi Tellus,,,dt. Übersetzung,ngOD7E878NTA8MDZfMG2xZzYvNQ
140,Stiftungsbulle der Kapelle St. Meinradtszell 948,,,dt. Übersetzung,ngOD7E878NTA8MDZfMG2xZzYvNQ
141,Historienbibel Auszug,,,,ngOD7E878NTA8MDZfMG2xZzYvNQ
166,8. Fortsetzungen zu Twinger,,,,ngLA4B979KAXuJAacLD34WwBsJN
166,8. Fortsetzungen zu Twinger,,,,ngMB5C070LBY2KBZdKk4uXxCtMO
166,8. Fortsetzungen zu Twinger,,,,ngQF5G474OlC6OFThOY86BbAxOy
166,8. Fortsetzungen zu Twinger,,,,ngSH5I676QnE1QHVjR807DdMzRU
166,8. Fortsetzungen zu Twinger,,,,ngTI5J777RoF1RIWkSr1eEepaRF
166,8. Fortsetzungen zu Twinger,,,,ngUJ5K878SfGeSJnlTs2cFfAbUW
166,8. Fortsetzungen zu Twinger,,,,ngVK5L979TgHeTKomUD3dGgXcVH
166,8. Fortsetzungen zu Twinger,,,,ngWL6M070UhI2ULJnWO4hHhUdUI
166,8. Fortsetzungen zu Twinger,,,,ngYN6O272WjKjWNvpWQ6gJjWfXq
166,8. Fortsetzungen zu Twinger,,,,ngZO6P373YEL8XOQqXR73KkJgYh
166,8. Fortsetzungen zu Twinger,,,,ngAP6Q474ZFM8YPVrZI87LlUhZs
166,8. Fortsetzungen zu Twinger,,,,ngCR6S676BxOlARFtB801NnujBO
166,8. Fortsetzungen zu Twinger,,,,ngET6U878DzQ8CTLvDW2mPpQlCw
166,8. Fortsetzungen zu Twinger,,,,ngIX7Y272HdU3GXfzGA63TtOpGK
166,8. Fortsetzungen zu Twinger,,,,ngLA7B575KAX7JAicLD9vWwRsKX
166,8. Fortsetzungen zu Twinger,,,,ngPE7F979OUBaNESgNn33AaBwNh
166,8. Fortsetzungen zu Twinger,,,,ngQF8G070PVCaOFThOY44BbKxPC
166,8. Fortsetzungen zu Twinger,,,,ngSH8I272RXE3QHljQK62DdMzQk
166,8. Fortsetzungen zu Twinger,,,,ngVK8L575TAHdTKCmTt9gGgL
166,8. Fortsetzungen zu Twinger,,,,ngWL8M676VBIgULpnVE0hHho
166,8. Fortsetzungen zu Twinger,,,,ngCR9S272CHO5ARTtAU6mNny
166,8. Fortsetzungen zu Twinger,,,,ngHW9J777FMT0FWKyFP1pS8p
166,8. Fortsetzungen zu Twinger,,,,ngIX9G878GNU0GXLzH02rT9q
166,8. Fortsetzungen zu Twinger,,,,ngQF0m272PFC6OFnhOY62BbA
166,8. Fortsetzungen zu Twinger,,,,ngRG0n373RWDaPGMiQJ7bCcX
166,8. Fortsetzungen zu Twinger,,,,ngUJ0K676SJGdSJBlSM0cFfSbSG
166,8. Fortsetzungen zu Twinger,,,,ngVK0L777TKHdTKUmTt19GgFcVX
166,8. Fortsetzungen zu Twinger,,,,ngWL0M878ULI8ULDnVE23HhQdVI
166,8. Fortsetzungen zu Twinger,,,,ngYN1O070WNKiWNnpWQ4iJjufWA
166,8. Fortsetzungen zu Twinger,,,,ngZO1r171YEL6XOKqX355KkB
166,8. Fortsetzungen zu Twinger,,,,ngBQ1t373BGNjZQWsZz76MmD
166,8. Fortsetzungen zu Twinger,,,,ngET1a676CJQpCTbvEM0nPps
166,8. Fortsetzungen zu Twinger,,,,ngMB2C474KhYuKBZdKU88XxWtKe
166,8. Fortsetzungen zu Twinger,,,,ngOD2E676MjAzMDBfN809ZzQvNA
166,8. Fortsetzungen zu Twinger,,,,ngQF2G878OlCzOFLhOo2zBbGxPC
166,8. Fortsetzungen zu Twinger,,,,ngRG2H979PmD0PGUiQZ3cCcnyQz
166,8. Fortsetzungen zu Twinger,,,,ngSH3I070QnE0QHVjRK4dDdkzSU
166,8. Fortsetzungen zu Twinger,,,,ngVK3L373TKH4TKCmTt7eGgHcUH
166,8. Fortsetzungen zu Twinger,,,,ngWL3M474ULI9ULtnUE87HhGdWY
166,8. Fortsetzungen zu Twinger,,,,ngYN3O676WNK9WNrpX801JjmfYA
166,8. Fortsetzungen zu Twinger,,,,ngZO3P777XELjXOMqXR1jKkrgYL
166,8. Fortsetzungen zu Twinger,,,,ngGV4W474ErS6EVJxFY8oRrMnEy
166,8. Fortsetzungen zu Twinger,,,,ngJY4Z777IYVuHYcaJR17UuTqIL
166,8. Fortsetzungen zu Twinger,,,,ngKZ4A878JZWuIZhbI022VvUrJW
166,8. Fortsetzungen zu Twinger,,,,ngPE5F373NkB6NEOgOH74AaFwNB
166,8. Fortsetzungen zu Twinger,,,,ngQF5G474OlC6OFPhQI89BbGxPS
166,8. Fortsetzungen zu Twinger,,,,ngUJ5K878SfGeSJjlSs2fFfSbTW
166,8. Fortsetzungen zu Twinger,,,,ngWL6M070UhI2ULJnVE40HhMdVI
166,8. Fortsetzungen zu Twinger,,,,ngBQ6R575AwNlZQEsZT9mMmtiBD
166,8. Fortsetzungen zu Twinger,,,,ngET6U878DzQ8CTPvCM29PpKlCQ
166,8. Fortsetzungen zu Twinger,,,,ngGV7W070FbSqEVNxE245RrSnFI
167,Urkunde,,,unspez.,ngAP6Q474ZFM8YPRrYI87LlYhAM
168,Notizen über Unwetter,,,,ngTI3J171RoFeRIOkSr56EelaSl
169,Gedicht zu Leiden Christi,,,,ngUJ3K272SJG4SJBlS46dFfKbUW
170,Qui vult ornari,,,Auszüge; lat. und dt.,ngUJ3K272SJG4SJBlS46dFfKbUW
171,Libellus de moribus hominum et de officiis nobilium super ludo scaccorum,Jacobus de Cessolis,,,ngUJ3K272SJG4SJBlS46dFfKbUW
172,Compendium historiae in genealogia Christi,Petrus Pictaviensis,,,ngUJ3K272SJG4SJBlS46dFfKbUW
173,Speculum humanae salvationis,,,lat.,ngUJ3K272SJG4SJBlS46dFfKbUW
174,Burgundische Geschichte,,,,ngVK3L373TKH4TKCmTt7eGgHcUH
175,Liste der von den Burgunden Erschlagenen,,,,ngVK3L373TKH4TKCmTt7eGgHcUH
176,Familiennachrichten zu Rhein,,,,ngLA4B979KAXuJAacLD34WwBsJN
177,Verzeichnis der Altarpfründen der Konstanzer Domkirche 1524,,,,ngLA4B979KAXuJAacLD34WwBsJN
178,Persönliche Aufzeichnungen,Hans Eschbach,,,ngAP9Q070ZvM2YPHrYI42Llo
179,Gesetz über Pfahlbürger 1431,Kaiser Sigismund,,,ngGV4W474ErS6EVFxFO8qRrMnFy
179,Gesetz über Pfahlbürger 1431,Kaiser Sigismund,,,ngCR6S676BxOlARFtB801NnujBO
179,Gesetz über Pfahlbürger 1431,Kaiser Sigismund,,,ngBQ6R575AwNlZQEsZT9mMmtiBD
181,Brief an Calixt III. 1456,Johannes von Capestrano,,,ngCR6S676BxOlARFtB801NnujBO
182,"""Bulle """"Vocavit nos pius"""" 1458""",Papst Pius II.,,dt.,ngCR6S676BxOlARFtB801NnujBO
183,Vollmacht für Kardinal Bessarion,,,päpstl. Legat in D 1460,ngCR6S676BxOlARFtB801NnujBO
184,"""Bulle """"Venerabilis Ezechielis""""  1463 (Kreuzzugsbulle)""",Papst Pius II.,,dt.,ngCR6S676BxOlARFtB801NnujBO
185,Gebot zur Teilnahme am Türkentag 1460,Kaiser Friedrich III.,,,ngCR6S676BxOlARFtB801NnujBO
186,Verzeichnis der Teilnehmer und Protokoll Reichstag in Wien 1460,,,,ngCR6S676BxOlARFtB801NnujBO
187,Bulle Bann gegen Sigmund II. Herzog von Österreich 1460,Papst Pius II.,,,ngCR6S676BxOlARFtB801NnujBO
188,Appellation gegen die päpstl. Bannbulle 1461,Herzog Sigmund II.,,,ngCR6S676BxOlARFtB801NnujBO
189,Schreiben an Straßburg Graz 1461,Kaiser Friedrich III.,,,ngCR6S676BxOlARFtB801NnujBO
190,Schreiben an König Georg von Böhmen 1461,Kaiser Friedrich III.,,,ngCR6S676BxOlARFtB801NnujBO
191,Schreiben an Speyer und Worms Graz 1461 (Gebot gegen Herzog Ludwig IX. von Bayern zu ziehen),,,,ngCR6S676BxOlARFtB801NnujBO
192,Schreiben an Straßburg Prag 1461,Georg Podiebrand,,,ngCR6S676BxOlARFtB801NnujBO
193,Schreiben an Straßburg Neustadt a.d. Aisch 1461,Herzog Ludwig IX. der Reiche,,,ngCR6S676BxOlARFtB801NnujBO
194,Schreiben Wiens an Kaiser Friedrich III. 1462,,,,ngCR6S676BxOlARFtB801NnujBO
195,Urkunde für Hans Ingelstetter Wien 1463,Kaiser Friedrich III.,,,ngCR6S676BxOlARFtB801NnujBO
196,Schreiben der Räte Friedrichs III. zum Brief Wiens 1462,,,,ngCR6S676BxOlARFtB801NnujBO
197,Waffenstillstand zw. Kaiser Friedrich III. und Albrecht von Österreich 1461,,,,ngCR6S676BxOlARFtB801NnujBO
198,Bericht über Hussitenrevolte in Prag 1483,,,,ngCR6S676BxOlARFtB801NnujBO
199,Kammergerichtsordnung 1471,Kaiser Friedrich III.,,,ngCR6S676BxOlARFtB801NnujBO
200,Verzeichnis des Teilnehmer am Begräbnis Friedrichs III. 1493,,,,ngCR6S676BxOlARFtB801NnujBO
201,Liste der Gefallenen einer Schlacht gegen die Türken 1493,,,,ngCR6S676BxOlARFtB801NnujBO
202,Aufruf für St. Georgs-Bruderschaft und zum Heerzug gegen Türken 1494,Kaiser Maximilian I.,,,ngCR6S676BxOlARFtB801NnujBO
203,Verzeichnis der Teilnehmer Reichstag in Worms 1495,,,,ngCR6S676BxOlARFtB801NnujBO
204,Ewiger Landfriede 1495,Kaiser Maximilian I.,,,ngCR6S676BxOlARFtB801NnujBO
205,Kammergerichtsordnung,Kaiser Maximilian I.,,,ngCR6S676BxOlARFtB801NnujBO
206,Ordnung des Gemeinen Pfennigs 1495,Kaiser Maximilian I.,,,ngCR6S676BxOlARFtB801NnujBO
207,Zusicherung der Befristung des Gemeinen Pfennigs auf vier Jahre 1495,Kaiser Maximilian I.,,,ngCR6S676BxOlARFtB801NnujBO
208,Bestimmung zur Handhabung des Landfriedens 1495,Kaiser Maximilian I.,,,ngCR6S676BxOlARFtB801NnujBO
209,Berichte über Missgeburten und Wunderzeichen 1492-1495,,,,ngCR6S676BxOlARFtB801NnujBO
210,Bericht über Fürstentag Friedrichs III. in Koblenz 1492,,,,ngCR6S676BxOlARFtB801NnujBO
211,Nachtrag zum Gemeinen Pfennig 1495,Kaiser Maximilian I.,,,ngCR6S676BxOlARFtB801NnujBO
212,König- und Kaiserchronik,Jakob Twinger von Königshofen,Johann Bämler,Abschrift aus Druck GW 03164,ngNC5D171MCZ2LCAeLV5vYyPuLZ
212,König- und Kaiserchronik,Jakob Twinger von Königshofen,Johann Bämler,Abschrift aus Druck GW 03164,ngBQ6R575AwNlZQEsBT90MmxiZj
213,Moralia dogmati philosophorum,,,Verse,ngQF5G474OlC6OFThOY86BbAxOy
214,Septem genera stultorum curalitates mundi,,,,ngQF5G474OlC6OFThOY86BbAxOy
215,Bericht über Niederlage Kaiser Sigismunds gegen Türken 1396,,,,ngBQ9V171ZQN4ZQWsZJ5lMmD
216,Bericht über Ermordung des Bischofs Guillaume de Menthonay 1406,,,,ngLA4B979KAXuJAacLD34WwBsJN
216,Bericht über Ermordung des Bischofs Guillaume de Menthonay 1406,,,,ngOD5E272MjA6MDRfM463ZzIvMQ
216,Bericht über Ermordung des Bischofs Guillaume de Menthonay 1406,,,,ngQF5G474OlC6OFThOY86BbAxOy
216,Bericht über Ermordung des Bischofs Guillaume de Menthonay 1406,,,,ngXM6N171ViJ1VMuoVF5fIiZeWZ
216,Bericht über Ermordung des Bischofs Guillaume de Menthonay 1406,,,,ngZO6P373YEL8XOQqXR73KkJgYh
216,Bericht über Ermordung des Bischofs Guillaume de Menthonay 1406,,,,ngAP6Q474ZFM8YPVrZI87LlUhZs
216,Bericht über Ermordung des Bischofs Guillaume de Menthonay 1406,,,,ngLA7B575KAX7JAicLD9vWwRsKX
216,Bericht über Ermordung des Bischofs Guillaume de Menthonay 1406,,,,ngBQ9V171ZQN4ZQWsZJ5lMmD
216,Bericht über Ermordung des Bischofs Guillaume de Menthonay 1406,,,,ngCR9S272CHO5ARTtAU6mNny
216,Bericht über Ermordung des Bischofs Guillaume de Menthonay 1406,,,,ngDS4T171BIPoBSYuCL54OozkCF
216,Bericht über Ermordung des Bischofs Guillaume de Menthonay 1406,,,,ngIX4Y676GtU1GXTzGA09TtwpIU
216,Bericht über Ermordung des Bischofs Guillaume de Menthonay 1406,,,,ngLA4B979KAXuJAecJT33WwdsJt
217,Chronistische Notizen zu Augsburg,Jörg Rephon,,,ngBQ9V171ZQN4ZQWsZJ5lMmD
218,Federproben,,,,ngWL6M070UhI2ULJnWO4hHhUdUI
218,Federproben,,,,ngBQ9V171ZQN4ZQWsZJ5lMmD
218,Federproben,,,,ngZO3P777XELjXOMqXR1jKkrgYL
219,Konstanzer Stadt- und Bischofsgeschichte bis ca. 1453,,,,ngCR9S272CHO5ARTtAU6mNny
220,Familiennachrichten Hämling/Hemling 1342-1490,,,,ngCR9S272CHO5ARTtAU6mNny
221,"""Lehren, Amtsausübung und Regenten betreffend (nach """"De civitate Dei"""")""",,,,ngTI5J777RoF1RIWkSr1eEepaRF
222,Bericht über die Änderung der Straßburger Regierungsordnung 1332,,,,ngTI5J777RoF1RIWkSr1eEepaRF
223,Liste der Straßburger Ammeister bis 1609,,,,ngTI5J777RoF1RIWkSr1eEepaRF
224,Recht der Stadt Straßburg,,,,ngTI5J777RoF1RIWkSr1eEepaRF
225,Urkunde für Konstanz über Verpfändung des Thurgaus,König Sigismund,,,ngUJ5K878SfGeSJnlTs2cFfAbUW
226,Buch der Könige alten Bundes/Von den Künigen in der alten Ee,,,,ngGV4W474ErS6EVFxFO8qRrMnFy
226,Buch der Könige alten Bundes/Von den Künigen in der alten Ee,,,,ngUJ5K878SfGeSJnlTs2cFfAbUW
226,Buch der Könige alten Bundes/Von den Künigen in der alten Ee,,,,ngGV7W070FbSqEVRxGY4rRrQnFI
226,Buch der Könige alten Bundes/Von den Künigen in der alten Ee,,,,ngGV1y878GLSrEVvxGY23Rrc
226,Buch der Könige alten Bundes/Von den Künigen in der alten Ee,,,,ngPE2F777NkBzNECgOn10AaVwNR
227,Stiftungsurkunde 1309,Johannes de Bodmen,,Abschrift,ngUJ5K878SfGeSJnlTs2cFfAbUW
228,Wappenbrief 1459,Kaiser Friedrich III.,,,ngUJ5K878SfGeSJnlTs2cFfAbUW
229,Missive von Kriegswissenburg 1456,Johannes von Hunnyad,,,ngUJ5K878SfGeSJnlTs2cFfAbUW
230,Chronica praesulum Coloniensum,,,,ngET9Y474CJQoCTLvEM85P5m
231,Protokolle von Gefangenenverhören 1396,,,,ngET9Y474CJQoCTLvEM85P5m
233,Urkundenabschriften,,,unspez.,ngET9Y474CJQoCTLvEM85P5m
234,Kölner Wappen,,,,ngWL6M070UhI2ULJnWO4hHhUdUI
235,Notiz 18./19. Jh.,Felix Balthasar,,,ngXM6N171ViJ1VMuoVF5fIiZeWZ
236,Beichttraktat,,,lat.,ngAP6Q474ZFM8YPVrZI87LlUhZs
237,De transsubstantiatione 6 Verse,,,,ngAP6Q474ZFM8YPVrZI87LlUhZs
238,De dignitate sacerdotum,,,,ngAP6Q474ZFM8YPVrZI87LlUhZs
239,De novem poenis inferni,,,,ngAP6Q474ZFM8YPVrZI87LlUhZs
240,Orationes pro defunctis,,,,ngAP6Q474ZFM8YPVrZI87LlUhZs
241,Beichttraktat,,,dt.,ngAP6Q474ZFM8YPVrZI87LlUhZs
242,Gedichte zum Konstanzer Konzil,Thomas Prischuch,,,ngAP6Q474ZFM8YPVrZI87LlUhZs
243,Lob der Frauen,,,,ngAP6Q474ZFM8YPVrZI87LlUhZs
244,Rede auf Ritter Heinrich von Eschweiler,,,,ngAP6Q474ZFM8YPVrZI87LlUhZs
245,Greisenklage,,,,ngAP6Q474ZFM8YPVrZI87LlUhZs
246,Familiennachrichten Thurn zu Neubeuern 1456-1468,,,,ngRG8H171QWD3PGCiQZ5aCcPyRT
247,Liste der Erdteile und der christl. Herrscher,,,lat.,ngRG8H171QWD3PGCiQZ5aCcPyRT
248,Stammbaum der bayerischen Herzöge seit Ludwig dem Bayern,,,,ngRG8H171QWD3PGCiQZ5aCcPyRT
249,Stammbaum der Habsburger seit Rudolf von Habsburg,,,,ngRG8H171QWD3PGCiQZ5aCcPyRT
250,Bayerische Genealogie,,,lat. und dt.,ngRG8H171QWD3PGCiQZ5aCcPyRT
251,Reisebericht: Liste der Heiligen Stätten in und um Jerusalem,,,,ngRG8H171QWD3PGCiQZ5aCcPyRT
252,Bericht zum Krieg zw. Schweizern und Elsass/Sundgau 1468,,,,ngUJ8K474SpGeSJPlT68dFfE
253,Bericht über Kriege Friedrichs I. von der Pfalz 1460-62,,,,ngVK8L575TAHdTKCmTt9gGgL
254,Bericht über Tod und Begräbnis des Kölner Erzbischofs Dietrich von Moers 1463,,,,ngVK8L575TAHdTKCmTt9gGgL
255,Straßburger Bischofsliste von 1539,,,ergänzt bis 1604,ngHW9J777FMT0FWKyFP1pS8p
256,Bericht über Gründung Straßburgs,,,,ngHW9J777FMT0FWKyFP1pS8p
257,Straßburger Chronik bis Ende 15. Jh.,,,,ngHW9J777FMT0FWKyFP1pS8p
258,Bericht zum Burgundischen Krieg 1,,,,ngHW9J777FMT0FWKyFP1pS8p
259,Beschluss des Reichstags in Regensburg 1471,,,,ngZO3P777XELjXOMqXR1jKkrgYL
260,Wucherzins- und Zinseszinsberechnung/Warnung vor Juden als Geldgeber,,,,ngZO3P777XELjXOMqXR1jKkrgYL
261,Bericht über die Fehde der Eidgenossen gegen Savoyen 1475,,,,ngZO3P777XELjXOMqXR1jKkrgYL
262,Liste der savoyischen Teilnehmer an der Schlacht im Wallis,,,,ngZO3P777XELjXOMqXR1jKkrgYL
263,Chronik 1470-73,,,,ngZO3P777XELjXOMqXR1jKkrgYL
264,biblische und geschichtliche Bemerkungen,,,über Reuhsämter,ngZO3P777XELjXOMqXR1jKkrgYL
265,Bericht über die Sempacher Schlacht und die Toten,,,,ngZO3P777XELjXOMqXR1jKkrgYL
266,Bericht über die erschlagenen Ritter Eberhards des Greiners bei Reutlinger Schlacht,,,,ngZO3P777XELjXOMqXR1jKkrgYL
267,Bulle zum Jubeljahr 1475,,,,ngZO3P777XELjXOMqXR1jKkrgYL
268,Bericht über die Entschuldigung der Bürger wegen Unterschlagung 1300,Meister,,,ngZO3P777XELjXOMqXR1jKkrgYL
269,Würze der Stadtordnung zu Straßburg,,,Kochrezept,ngZO3P777XELjXOMqXR1jKkrgYL
270,Über die Würzkrämerordnung zu Straßburg,,,,ngZO3P777XELjXOMqXR1jKkrgYL
271,Brief des Priesterkönigs Johannes (Presbyterbrief),,,dt. Prosaübersetzung,ngAP3Q878YFMjYPNrZS20LlshZC
273,Gebete zum hl. Nikolaus,,,,ngAP3Q878YFMjYPNrZS20LlshZC
274,Meister Albertus Lere,Albertanus von Brescia,,Versgedicht,ngAP3Q878YFMjYPNrZS20LlshZC
275,Gebet,,,lat.,ngAP3Q878YFMjYPNrZS20LlshZC
276,Sprüche,Freidank,,,ngAP3Q878YFMjYPNrZS20LlshZC
277,Regel und Leben Marias nach Christi Himmelfahrt,Hieronymus,,,ngAP3Q878YFMjYPNrZS20LlshZC
278,Ave regina coelorum,,,mit Glossengedicht,ngAP3Q878YFMjYPNrZS20LlshZC
279,Gebärsegen,,,"lat., mit dt. Einleitung",ngAP3Q878YFMjYPNrZS20LlshZC
280,Die fünfzehn Vorzeichen des Jüngsten Gerichts,Pseudo-Beda,,,ngAP3Q878YFMjYPNrZS20LlshZC
281,St. Galler Weltgerichtsspiel,,,,ngAP3Q878YFMjYPNrZS20LlshZC
282,Veronika  (Die sieben Ärzte),,,,ngAP3Q878YFMjYPNrZS20LlshZC
283,Erfurter Tischregeln,,,,ngAP3Q878YFMjYPNrZS20LlshZC
284,Geistliche Tischzucht,,,gereimt,ngAP3Q878YFMjYPNrZS20LlshZC
285,"Predigt über Apk 2,7",,,,ngAP3Q878YFMjYPNrZS20LlshZC
286,Maria und der Dieb (Marienlegende),,,gereimt,ngAP3Q878YFMjYPNrZS20LlshZC
287,Lied in Boppes Hofton,Boppe,,,ngAP3Q878YFMjYPNrZS20LlshZC
288,Unser vrouwen klage,,,,ngAP3Q878YFMjYPNrZS20LlshZC
289,Zwölf Früchte der Messe,Guiard von Laon,,,ngAP3Q878YFMjYPNrZS20LlshZC
290,Gebet zum Ablass,Papst Johannes XII.,,,ngAP3Q878YFMjYPNrZS20LlshZC
294,Lob des Landes Aargau,,,,ngCR4S070AHO0ARXtAK4nNnyjAu
295,Urkundenabschriften zu Grafen von Werdenberg,,,,ngCR4S070AHO0ARXtAK4nNnyjAu
296,Urkundenabschriften zu Freiherrn von Brandis,,,,ngCR4S070AHO0ARXtAK4nNnyjAu
297,Urkundenabschriften zu Freiherrn von End (Enne),,,,ngCR4S070AHO0ARXtAK4nNnyjAu
298,Aktenstücke zum Prozess zw. Bischof von Chur und den Grafen von Werdenberg-Sargans wegen Ortenstein 1470,,,,ngCR4S070AHO0ARXtAK4nNnyjAu
299,Verse moralischen Inhalts,,,lat.,ngDS4T171BIPoBSYuCL54OozkCF
300,De Tartarorum etc. sectis,Johannes Stamler,,,ngOD0k070NjA5MDFfMW4wZzA
301,Legenden,,,,ngOD0k070NjA5MDFfMW4wZzA
302,Alte Zürcher Chronik,,,,ngOD0k070NjA5MDFfMW4wZzA
303,Eberhart-Müllnersche Chronik bis 1428,Eberhart/Müllner,,,ngOD0k070NjA5MDFfMW4wZzA
304,Dracula 1460,,,,ngOD0k070NjA5MDFfMW4wZzA
305,Bericht über den Frieden zu Conflans 1466,,,,ngOD0k070NjA5MDFfMW4wZzA
306,Bericht über die Hochzeit des Grafen von Berg 1468,,,,ngOD0k070NjA5MDFfMW4wZzA
307,Bericht über Aufenthalt Friedrichs III. und Karls des Kühnen in Trier (Burgundischer Krieg),,,,ngOD0k070NjA5MDFfMW4wZzA
308,Straßburger Ereignisse - Verzeichnisse von Rittern,,,,ngOD0k070NjA5MDFfMW4wZzA
309,Aktenstücke das Hegau betreffend 16. Jh.,,,,ngOD0k070NjA5MDFfMW4wZzA
310,Synodaldekret,,,,ngOD0k070NjA5MDFfMW4wZzA
312,Fabeln,Aesop,,,ngQF0m272PFC6OFnhOY62BbA
315,Gedicht Der gute Pilger,,,,ngQF0m272PFC6OFnhOY62BbA
316,Bericht über Münzrechte,,,,ngRG0n373RWDaPGMiQJ7bCcX
317,Schwäbische Chronik,,,Druck,ngTI0p575SeFdRIEkS798Eep
318,Weltchronik,Anonym,Jakob Twinger von Königshofen,franz. Übersetzung,ngXM0N979VMJiVMEoWP33IipeWf
319,Papstregister,,,alphabetisch,ngZO1r171YEL6XOKqX355KkB
320,Konstanzer Chronik,Gebhart Dacher,,,ngZO1r171YEL6XOKqX355KkB
321,Sprüche Salomos,,,dt. Übersetzung,ngGV4W474ErS6EVFxFO8qRrMnFy
321,Sprüche Salomos,,,dt. Übersetzung,ngUJ5K878SfGeSJnlTs2cFfAbUW
322,Goldene Bulle Karls IV. 1356,Kaiser Karl IV.,,lat.,ngGV4W474ErS6EVFxFO8qRrMnFy
322,Goldene Bulle Karls IV. 1356,Kaiser Karl IV.,,lat.,ngJY4Z777IYVuHYgaI91uUuVqHL
323,Annalist. Eintrag zur Gefangennahme des Landgrafen von Hessen 1547,,,,ngGV4W474ErS6EVFxFO8qRrMnFy
324,Annalist. Eintrag zur Verbrennung von Petershausen durch die Spanier 1548,,,,ngGV4W474ErS6EVFxFO8qRrMnFy
325,Annalist. Eintrag zum Reichstag zu Augsburg 1550,,,,ngGV4W474ErS6EVFxFO8qRrMnFy
326,Thomaslegende,,,"""dt. Übersetzung der """"Miracula S. Thomae apost. facta in India""""""",ngAP1s272ZPM7YPHrZS6iLlw
327,"""Himmelsbrief,  """"Mont-St.-Michel-Version""""""",,,dt. Übersetzung,ngAP1s272ZPM7YPHrZS6iLlw
328,Gegen den Unglauben der Juden,,,,ngAP1s272ZPM7YPHrZS6iLlw
329,"""Praktica Meister Hansen von """"Haißfurt"""" ein astrol. Buch""",,,"Druck, Nürnberg 1522",ngAP1s272ZPM7YPHrZS6iLlw
330,Bericht über Krönung Maximilians I. zum König,,,"Druckabschrift, wohl Straßburg: Johann Prüss",ngWL6M070UhI2ULJnVE40HhMdVI
331,Chronikalische Notizen von 1273 bis Kaiser Maximilian I.,,,,ngWL6M070UhI2ULJnVE40HhMdVI
332,Berichte über Kriegszüge und Scharmützel 1468-1473,Hans von Hungerstein,,,ngWL6M070UhI2ULJnVE40HhMdVI
333,Bericht über die Landshuter Fürstenhochzeit,Hans von Hungerstein (?),,,ngWL6M070UhI2ULJnVE40HhMdVI
334,Liste der Adligen die 1474 im Burgunderkrieg gegen Karl den Kühnen gezogen waren,,,,ngWL6M070UhI2ULJnVE40HhMdVI
335,Liste der erbeuteten Geschütze im Burgunderkrieg,Hans von Hungerstein (?),,,ngWL6M070UhI2ULJnVE40HhMdVI
336,Predigt (Bruchstück),,,,ngFU6V979EaRqDUMwDd34QqxmFH
337,drei tageschronikal. Einträge 1498-1538,,,,ngBQ1t373BGNjZQWsZz76MmD
338,Reisebeschreibung,Jean Mandeville,Michel Welser,dt. Übersetzung,ngDS1v575CoPlBSQuBb97OoP
339,Familiennotizen Hagenau/Schugmacher,,,,ngDS1v575CoPlBSQuBb97OoP
340,Reliquienverzeichnis von St. Mathias,,,Trier,ngBQ6R575AwNlZQEsZT9mMmtiBD
341,Via ad sepulcrum domini in Ierusalem,,,,ngBQ6R575AwNlZQEsZT9mMmtiBD
342,Liste der Basler Ammeister 1385-1389,,,,ngBQ6R575AwNlZQEsZT9mMmtiBD
343,Liste der von Johannes Ursi,,,Basel,ngBQ6R575AwNlZQEsZT9mMmtiBD
344,Weltchronik Auszüge,Jakob Twinger von Königshofen,Anonym,lat.,ngJY4Z777IYVuHYgaI91uUuVqHL
344,Weltchronik Auszüge,Jakob Twinger von Königshofen,Anonym,lat.,ngBQ6R575AwNlZQEsZT9mMmtiBD
345,Lobesbulle Bulla laureacionos,Papst Pius II.,,,ngBQ6R575AwNlZQEsZT9mMmtiBD
346,Initia carminum Nr. 2798,,,,ngBQ6R575AwNlZQEsZT9mMmtiBD
347,Musterreden,,,,ngBQ6R575AwNlZQEsZT9mMmtiBD
348,Pantheon Auszüge,Gottfried von Viterbo,,,ngBQ6R575AwNlZQEsZT9mMmtiBD
349,Völkerverzeichnis aus Pantheon,Gottfried von Viterbo,,,ngBQ6R575AwNlZQEsZT9mMmtiBD
350,Notizen über Rechtfragen und Gesetze,,,,ngBQ6R575AwNlZQEsZT9mMmtiBD
351,Constitution an einen Bischof von Lucca,Papst Eugen IV.,,,ngBQ6R575AwNlZQEsZT9mMmtiBD
352,Briefe des Lentulus und des Pilatus an Claudius,,,,ngBQ6R575AwNlZQEsZT9mMmtiBD
353,Epitaph auf Mehmet II. (Initia carminum Nr. 15730a),,,,ngBQ6R575AwNlZQEsZT9mMmtiBD
354,Über Basels Ursprung - Auszüge aus Weltchronik Twingers,Jakob Twinger von Königshofen,Anonym,,ngBQ6R575AwNlZQEsZT9mMmtiBD
355,Notizen über Gerichte und Steuern,,,,ngBQ6R575AwNlZQEsZT9mMmtiBD
356,Notizen über zwei Basler Urkunden von 1218 und 1366,,,,ngBQ6R575AwNlZQEsZT9mMmtiBD
357,Promotionsreden Ursis von 1482/1487 über die sieben Eigenschaften und neun Vorrechte eines Doktors,,,,ngBQ6R575AwNlZQEsZT9mMmtiBD
358,Notiz über die Basler Papstglocke von 1493,,,,ngBQ6R575AwNlZQEsZT9mMmtiBD
359,Breisacher Inschriften,,,,ngBQ6R575AwNlZQEsZT9mMmtiBD
360,Nachrichten über Schönau,,,,ngBQ6R575AwNlZQEsZT9mMmtiBD
361,Schönauer Inschrift,,,,ngBQ6R575AwNlZQEsZT9mMmtiBD
362,Gedicht über Straßburger Gefahren,,,,ngET6U878DzQ8CTPvCM29PpKlCQ
363,Annalist. Einträge zu den Jahren 1542-1556,,,,ngET6U878DzQ8CTPvCM29PpKlCQ
364,Rötteler Chronik,,,lat. Übersetzung,ngJY4Z777IYVuHYgaI91uUuVqHL
364,Rötteler Chronik,,,lat. Übersetzung,ngBQ6R575AwNlZQEsZT9mMmtiBD
366,Bericht über die Eroberung Constantinopels,,,lat.,ngIX7Y272HdU3GXfzGA63TtOpGK
367,Brief an Kurfürst Friedrich II. von Brandenburg über Sieg des Deutschen Ordens bei Könitz vom Landvogt an der Neumark,Landvogt in der Neumark,,,ngIX7Y272HdU3GXfzGA63TtOpGK
368,Briefe (2) über Sieg bei Belgrad 1456,,,Übersetzung,ngIX7Y272HdU3GXfzGA63TtOpGK
369,Friedensvertrag der bei Seckenheim gefangenen Fürsten von Württemberg und Baden mit Friedrich dem Siegreichen 1463,,,,ngIX7Y272HdU3GXfzGA63TtOpGK
370,Bericht über Schlacht bei Seckenheim 1463,,,,ngIX7Y272HdU3GXfzGA63TtOpGK
371,Bericht über Schlacht bei Giengen 1462,,,,ngIX7Y272HdU3GXfzGA63TtOpGK
372,Bericht über Schlacht bei Könitz 1454,,,,ngIX7Y272HdU3GXfzGA63TtOpGK
373,Brief an Bischof Anton von Bamberg zur Schlacht von Könitz,,,,ngIX7Y272HdU3GXfzGA63TtOpGK
374,Notizen unterschiedlicher Art aus dem 16. Jh.,,,v.a. zu Basel,ngIX7Y272HdU3GXfzGA63TtOpGK
375,Notizen über Basler Bischöfe des 15. Jh.,,,,ngIX7Y272HdU3GXfzGA63TtOpGK
376,Geistl. Unterweisungen,,,,ngFU1b777DURqDUywFN17QqZ
377,Die sieben Psalmen,,,dt. Übersetzung,ngFU1b777DURqDUywFN17QqZ
378,Eybs Ehebüchlein,,,Druck,ngBQ3R979ZGN0ZQAsZ13mMmpiBN
379,Ingolds goldnes Spiel,,,Druck,ngBQ3R979ZGN0ZQAsZ13mMmpiBN
380,Kalender,,,,ngBQ3R979ZGN0ZQAsZ13mMmpiBN
381,Speculum humanae salvationis,Konrad von Helmsdorf,,dt. Versübersetzung,ngBQ3R979ZGN0ZQAsZ13mMmpiBN
382,Bericht über Konstanzer Konzil  (Modus observandus in publica sessione conciliorum generalium),,,lat.,ngJY4Z777IYVuHYgaI91uUuVqHL
383,Dekrete und Akten zum Basler Konzil,,,Session 1-42,ngJY4Z777IYVuHYgaI91uUuVqHL
384,verschiedene päpstl. Bullen und Reaktionen des Basler Konzils in den 1440er Jahren,,,,ngJY4Z777IYVuHYgaI91uUuVqHL
385,Dekret über das zukünftige Konzil in Lyon 15.6.1448,,,,ngJY4Z777IYVuHYgaI91uUuVqHL
386,Dekret über die erste Session des Konzils von Lausanne 24.7.1448,,,,ngJY4Z777IYVuHYgaI91uUuVqHL
387,verschiedene Briefe Friedrichs III. zum/an Basler Konzil,Kaiser Friedrich III.,,,ngJY4Z777IYVuHYgaI91uUuVqHL
388,Größere Basler Annalen (Auszüge),,,dt. und lat.,ngJY4Z777IYVuHYgaI91uUuVqHL
388,Größere Basler Annalen (Auszüge),,,dt. und lat.,ngHW1d979FsT9FWKyHZ3rSsJ
388,Größere Basler Annalen (Auszüge),,,dt. und lat.,ngJY2Z171HOV4HYUaIB5tUuHqIr
389,Tractatus de conciliorum et ecclesae auctoritate,Johannes de Segovia,,,ngJY4Z777IYVuHYgaI91uUuVqHL
390,versch. Predigten,,,auf Basler Konzil gehalten,ngJY4Z777IYVuHYgaI91uUuVqHL
391,Memoriale,Alexander von Roes,,,ngJY4Z777IYVuHYgaI91uUuVqHL
392,Vaticinium de statu futuro ecclesiae et mundi,Pseudo-Hildegard,,,ngJY4Z777IYVuHYgaI91uUuVqHL
393,Absolutionsformular,,,,ngJY4Z777IYVuHYgaI91uUuVqHL
394,versch. Petitionsformulare,,,,ngJY4Z777IYVuHYgaI91uUuVqHL
395,Tractatulus de contractibus,Werner Rolevinck,,,ngJY4Z777IYVuHYgaI91uUuVqHL
396,versch. Appellationen an Basler Konzil,,,,ngJY4Z777IYVuHYgaI91uUuVqHL
397,Brief an Petrus de Noceto,Eneas Silvio Piccolomini,,,ngJY4Z777IYVuHYgaI91uUuVqHL
398,Weltchronik  Auszüge,Jansen Enikel,,,ngIX7Y272HdU3GXfzGA63TtOpGK
399,Gebetsparodie,,,lat.,ngIX7Y272HdU3GXfzGA63TtOpGK
400,Exemplum de indulgentis,,,,ngIX7Y272HdU3GXfzGA63TtOpGK
401,Exemplum de uno doctore,,,,ngIX7Y272HdU3GXfzGA63TtOpGK
402,Anonyme Berner Stadtchronik,Anonymus,,,ngXM6N171ViJ1VMuoVF5fIiZeWZ
402,Anonyme Berner Stadtchronik,Anonymus,,,ngET6U878DzQ8CTLvDW2mPpQlCw
402,Anonyme Berner Stadtchronik,Anonymus,,,ngLA7B575KAX7JAicLD9vWwRsKX
402,Anonyme Berner Stadtchronik,Anonymus,,,ngNC7D777MSZvLCMeMl12YyfuLZ
402,Anonyme Berner Stadtchronik,Anonymus,,,ngWL8M676VBIgULpnVE0hHho
402,Anonyme Berner Stadtchronik,Anonymus,,,ngQF0m272PFC6OFnhOY62BbA
402,Anonyme Berner Stadtchronik,Anonymus,,,ngKZ2A272IPW4IZzbKS64VvArIc
402,Anonyme Berner Stadtchronik,Anonymus,,,ngLA2B373JQX4JAacLD74WwzsLN
402,Anonyme Berner Stadtchronik,Anonymus,,,ngCR6S676BxOlARFtBU00NnWjAO
404,Die neue Ee (Leben Jesu und Mariae),,,,ngGV1y878GLSrEVvxGY23Rrc
404,Die neue Ee (Leben Jesu und Mariae),,,,ngPE2F777NkBzNECgOn10AaVwNR
405,Sprüche von Propheten,Evangelisten,,,ngGV1y878GLSrEVvxGY23Rrc
406,Vom Antichrist,,,,ngTI8J373SYF3RIikTB73EeVaSV
406,Vom Antichrist,,,,ngGV1y878GLSrEVvxGY23Rrc
407,Vom Jüngsten Gericht/Weltgerichtsspiel,,,,ngGV1y878GLSrEVvxGY23Rrc
408,Schweizer Chronik,Petermann Etterlin,,,ngHW1d979FsT9FWKyHZ3rSsJ
408,Schweizer Chronik,Petermann Etterlin,,,ngJY2Z171HOV4HYUaIB5tUuHqIr
409,Unterwerfungsbrief Friedrichs III. für Kaiser Sigismund (1415),Kaiser Friedrich III.,,,ngXM6N171ViJ1VMuoV351IiZeXZ
410,Reimgespräch zw. einem Juden und einem Christen,,,,ngXM6N171ViJ1VMuoV351IiZeXZ
411,Legende von den Jacobsbrüdern,Kunz Kistener,,,ngXM6N171ViJ1VMuoV351IiZeXZ
412,Die Schönheit der Frauen,,,,ngXM6N171ViJ1VMuoV351IiZeXZ
413,Von den vii Farben,,,,ngXM6N171ViJ1VMuoV351IiZeXZ
414,Gebet an den Hl. Christophorus,,,,ngXM6N171ViJ1VMuoV351IiZeXZ
415,Glaubensbekenntnis,,,,ngXM6N171ViJ1VMuoV351IiZeXZ
416,Mariengebet,,,,ngXM6N171ViJ1VMuoV351IiZeXZ
417,Der welte lon (nicht von Konrad von Würzburg),,,,ngXM6N171ViJ1VMuoV351IiZeXZ
418,Von den beweglichen Hochziten,,,,ngXM6N171ViJ1VMuoV351IiZeXZ
419,Computus zur Tierkreiszeichenbestimmung,,,,ngXM6N171ViJ1VMuoV351IiZeXZ
420,Über den Tod Herzog Antons von Brabant 1415,,,,ngXM6N171ViJ1VMuoV351IiZeXZ
421,Koch- und Backrezepte,,,,ngXM6N171ViJ1VMuoV351IiZeXZ
422,Familienaufzeichnungen der Meyer zum Pfeil,Adelberg Meyer,,,ngJY2Z171HOV4HYUaIB5tUuHqIr
423,Chronik Heinrichs von Beinheim,Heinrich von Beinheim,Hieronimus Brilinger,,ngJY2Z171HOV4HYUaIB5tUuHqIr
424,Chronik Nikolaus' Gerung gen. Blauenstein,Nikolaus Gerung gen. Blauenstein,,,ngJY2Z171HOV4HYUaIB5tUuHqIr
425,Anonyme Chronik von 1445,Anonym,,,ngJY2Z171HOV4HYUaIB5tUuHqIr
426,Anonyme Chronik der Burgunderkriege,Anonym,,,ngHW1d979FsT9FWKyHZ3rSsJ
426,Anonyme Chronik der Burgunderkriege,Anonym,,,ngJY2Z171HOV4HYUaIB5tUuHqIr
427,Anonyme Chronik der Mailänderkriege,Anonym,,,ngHW1d979FsT9FWKyHZ3rSsJ
427,Anonyme Chronik der Mailänderkriege,Anonym,,,ngJY2Z171HOV4HYUaIB5tUuHqIr
428,Verzeichnis der Basler Bürgermeister,,,,ngJY2Z171HOV4HYUaIB5tUuHqIr
430,0. Vorrede,Jakob Twinger von Königshofen,,,ngGV4W474ErS6EVFxFO8qRrMnFy
430,0. Vorrede,Jakob Twinger von Königshofen,,,ngHW4X575GWTpFWOyHZ96SsToGp
430,0. Vorrede,Jakob Twinger von Königshofen,,,ngIX4Y676GtU1GXxzG801TtepGU
430,0. Vorrede,Jakob Twinger von Königshofen,,,ngMB5C070LBY2KBZdKk4uXxCtMO
430,0. Vorrede,Jakob Twinger von Königshofen,,,ngSH5I676QnE1QHVjR807DdMzRU
430,0. Vorrede,Jakob Twinger von Königshofen,,,ngTI5J777RoF1RIWkSr1eEepaRF
430,0. Vorrede,Jakob Twinger von Königshofen,,,ngVK5L979TgHeTKomUD3dGgXcVH
430,0. Vorrede,Jakob Twinger von Königshofen,,,ngWL6M070UhI2ULJnWO4hHhUdUI
430,0. Vorrede,Jakob Twinger von Königshofen,,,ngCR6S676BxOlARFtB801NnujBO
430,0. Vorrede,Jakob Twinger von Königshofen,,,ngDS6T777CyPlBSCuBV18OozkDF
430,0. Vorrede,Jakob Twinger von Königshofen,,,ngFU6V979EaRqDUMwDd34QqxmFH
430,0. Vorrede,Jakob Twinger von Königshofen,,,ngHW7X171GcT3FWeyFP52SsXoGT
430,0. Vorrede,Jakob Twinger von Königshofen,,,ngJY7Z373IYV8HYWaHB7uUuDqJV
430,0. Vorrede,Jakob Twinger von Königshofen,,,ngKZ7A474JZW7IZhbKS8vVvQrIs
430,0. Vorrede,Jakob Twinger von Königshofen,,,ngNC7D777MSZvLCMeMl12YyfuLZ
430,0. Vorrede,Jakob Twinger von Königshofen,,,ngPE7F979OUBaNESgNn33AaBwNh
430,0. Vorrede,Jakob Twinger von Königshofen,,,ngQF8G070PVCaOFThOY44BbKxPC
430,0. Vorrede,Jakob Twinger von Königshofen,,,ngRG8H171QWD3PGCiQZ5aCcPyRT
430,0. Vorrede,Jakob Twinger von Königshofen,,,ngSH8I272RXE3QHljQK62DdMzQk
430,0. Vorrede,Jakob Twinger von Königshofen,,,ngUJ8K474SpGeSJPlT68dFfE
430,0. Vorrede,Jakob Twinger von Königshofen,,,ngVK8L575TAHdTKCmTt9gGgL
430,0. Vorrede,Jakob Twinger von Königshofen,,,ngZO8P979YkL1XOKqXH32KkP
430,0. Vorrede,Jakob Twinger von Königshofen,,,ngAP9Q070ZvM2YPHrYI42Llo
430,0. Vorrede,Jakob Twinger von Königshofen,,,ngCR9S272CHO5ARTtAU6mNny
430,0. Vorrede,Jakob Twinger von Königshofen,,,ngDS9T373DSP6BSQuBV7nOoX
430,0. Vorrede,Jakob Twinger von Königshofen,,,ngFU9V575DKRoDUMwFX95Q6n
430,0. Vorrede,Jakob Twinger von Königshofen,,,ngGV9W676EVS7EVXxE81uRrW
430,0. Vorrede,Jakob Twinger von Königshofen,,,ngIX9G878GNU0GXLzH02rT9q
430,0. Vorrede,Jakob Twinger von Königshofen,,,ngRG0n373RWDaPGMiQJ7bCcX
430,0. Vorrede,Jakob Twinger von Königshofen,,,ngVK0L777TKHdTKUmTt19GgFcVX
430,0. Vorrede,Jakob Twinger von Königshofen,,,ngWL0M878ULI8ULDnVE23HhQdVI
430,0. Vorrede,Jakob Twinger von Königshofen,,,ngYN1O070WNKiWNnpWQ4iJjufWA
430,0. Vorrede,Jakob Twinger von Königshofen,,,ngAP1s272ZPM7YPHrZS6iLlw
430,0. Vorrede,Jakob Twinger von Königshofen,,,ngCR1u474CROkARTtA68kNnA
430,0. Vorrede,Jakob Twinger von Königshofen,,,ngDS1v575CoPlBSQuBb97OoP
430,0. Vorrede,Jakob Twinger von Königshofen,,,ngTI3J171RoFeRIOkSr56EelaSl
430,0. Vorrede,Jakob Twinger von Königshofen,,,ngUJ3K272SJG4SJBlS46dFfKbUW
430,0. Vorrede,Jakob Twinger von Königshofen,,,ngVK3L373TKH4TKCmTt7eGgHcUH
430,0. Vorrede,Jakob Twinger von Königshofen,,,ngWL3M474ULI9ULtnUE87HhGdWY
430,0. Vorrede,Jakob Twinger von Königshofen,,,ngXM3N575VMJ9VMuoVP98IiDeXJ
430,0. Vorrede,Jakob Twinger von Königshofen,,,ngYN3O676WNK9WNrpX801JjmfYA
430,0. Vorrede,Jakob Twinger von Königshofen,,,ngZO3P777XELjXOMqXR1jKkrgYL
430,0. Vorrede,Jakob Twinger von Königshofen,,,ngCR4S070AHO0ARXtAK4nNnyjAu
430,0. Vorrede,Jakob Twinger von Königshofen,,,ngFU4V373DqR6DUEwFN75QqPmDH
430,0. Vorrede,Jakob Twinger von Königshofen,,,ngGV4W474ErS6EVJxFY8oRrMnEy
430,0. Vorrede,Jakob Twinger von Königshofen,,,ngHW4X575GWTpFWwyFf98SsJoFp
430,0. Vorrede,Jakob Twinger von Königshofen,,,ngIX4Y676GtU1GXTzGA09TtwpIU
430,0. Vorrede,Jakob Twinger von Königshofen,,,ngJY4Z777IYVuHYcaJR17UuTqIL
430,0. Vorrede,Jakob Twinger von Königshofen,,,ngKZ4A878JZWuIZhbI022VvUrJW
430,0. Vorrede,Jakob Twinger von Königshofen,,,ngOD5E272MjA6MDNfMG6xZzQvMQ
430,0. Vorrede,Jakob Twinger von Königshofen,,,ngPE5F373NkB6NEOgOH74AaFwNB
430,0. Vorrede,Jakob Twinger von Königshofen,,,ngQF5G474OlC6OFPhQI89BbGxPS
430,0. Vorrede,Jakob Twinger von Königshofen,,,ngRG5H575PcDzPGYiPZ9bCcTyRD
430,0. Vorrede,Jakob Twinger von Königshofen,,,ngWL6M070UhI2ULJnVE40HhMdVI
430,0. Vorrede,Jakob Twinger von Königshofen,,,ngYN6O272WjKjWNvpX466JjqfWK
430,0. Vorrede,Jakob Twinger von Königshofen,,,ngAP6Q474ZFM8YPRrYI87LlYhAM
430,0. Vorrede,Jakob Twinger von Königshofen,,,ngET6U878DzQ8CTPvCM29PpKlCQ
430,0. Vorrede,Jakob Twinger von Königshofen,,,ngFU6V979EaRqDUQwEN33QqxmFH
430,0. Vorrede,Jakob Twinger von Königshofen,,,ngGV7W070FbSqEVNxE245RrSnFI
431,1. Kapitel,Jakob Twinger von Königshofen,,,ngGV4W474ErS6EVFxFO8qRrMnFy
431,1. Kapitel,Jakob Twinger von Königshofen,,,ngHW4X575GWTpFWOyHZ96SsToGp
431,1. Kapitel,Jakob Twinger von Königshofen,,,ngIX4Y676GtU1GXxzG801TtepGU
431,1. Kapitel,Jakob Twinger von Königshofen,,,ngLA4B979KAXuJAacLD34WwBsJN
431,1. Kapitel,Jakob Twinger von Königshofen,,,ngMB5C070LBY2KBZdKk4uXxCtMO
431,1. Kapitel,Jakob Twinger von Königshofen,,,ngOD5E272MjA6MDRfM463ZzIvMQ
431,1. Kapitel,Jakob Twinger von Königshofen,,,ngPE5F373NkB6NESgNn74AaRwOh
431,1. Kapitel,Jakob Twinger von Königshofen,,,ngQF5G474OlC6OFThOY86BbAxOy
431,1. Kapitel,Jakob Twinger von Königshofen,,,ngSH5I676QnE1QHVjR807DdMzRU
431,1. Kapitel,Jakob Twinger von Königshofen,,,ngTI5J777RoF1RIWkSr1eEepaRF
431,1. Kapitel,Jakob Twinger von Königshofen,,,ngUJ5K878SfGeSJnlTs2cFfAbUW
431,1. Kapitel,Jakob Twinger von Königshofen,,,ngVK5L979TgHeTKomUD3dGgXcVH
431,1. Kapitel,Jakob Twinger von Königshofen,,,ngWL6M070UhI2ULJnWO4hHhUdUI
431,1. Kapitel,Jakob Twinger von Königshofen,,,ngYN6O272WjKjWNvpWQ6gJjWfXq
431,1. Kapitel,Jakob Twinger von Königshofen,,,ngZO6P373YEL8XOQqXR73KkJgYh
431,1. Kapitel,Jakob Twinger von Königshofen,,,ngAP6Q474ZFM8YPVrZI87LlUhZs
431,1. Kapitel,Jakob Twinger von Königshofen,,,ngCR6S676BxOlARFtB801NnujBO
431,1. Kapitel,Jakob Twinger von Königshofen,,,ngDS6T777CyPlBSCuBV18OozkDF
431,1. Kapitel,Jakob Twinger von Königshofen,,,ngFU6V979EaRqDUMwDd34QqxmFH
431,1. Kapitel,Jakob Twinger von Königshofen,,,ngGV7W070FbSqEVRxGY4rRrQnFI
431,1. Kapitel,Jakob Twinger von Königshofen,,,ngHW7X171GcT3FWeyFP52SsXoGT
431,1. Kapitel,Jakob Twinger von Königshofen,,,ngJY7Z373IYV8HYWaHB7uUuDqJV
431,1. Kapitel,Jakob Twinger von Königshofen,,,ngKZ7A474JZW7IZhbKS8vVvQrIs
431,1. Kapitel,Jakob Twinger von Königshofen,,,ngLA7B575KAX7JAicLD9vWwRsKX
431,1. Kapitel,Jakob Twinger von Königshofen,,,ngMB7C676LRYvKBLdL801XxOtLu
431,1. Kapitel,Jakob Twinger von Königshofen,,,ngNC7D777MSZvLCMeMl12YyfuLZ
431,1. Kapitel,Jakob Twinger von Königshofen,,,ngOD7E878NTA8MDZfMG2xZzYvNQ
431,1. Kapitel,Jakob Twinger von Königshofen,,,ngPE7F979OUBaNESgNn33AaBwNh
431,1. Kapitel,Jakob Twinger von Königshofen,,,ngQF8G070PVCaOFThOY44BbKxPC
431,1. Kapitel,Jakob Twinger von Königshofen,,,ngRG8H171QWD3PGCiQZ5aCcPyRT
431,1. Kapitel,Jakob Twinger von Königshofen,,,ngSH8I272RXE3QHljQK62DdMzQk
431,1. Kapitel,Jakob Twinger von Königshofen,,,ngUJ8K474SpGeSJPlT68dFfE
431,1. Kapitel,Jakob Twinger von Königshofen,,,ngVK8L575TAHdTKCmTt9gGgL
431,1. Kapitel,Jakob Twinger von Königshofen,,,ngWL8M676VBIgULpnVE0hHho
431,1. Kapitel,Jakob Twinger von Königshofen,,,ngZO8P979YkL1XOKqXH32KkP
431,1. Kapitel,Jakob Twinger von Königshofen,,,ngAP9Q070ZvM2YPHrYI42Llo
431,1. Kapitel,Jakob Twinger von Königshofen,,,ngBQ9V171ZQN4ZQWsZJ5lMmD
431,1. Kapitel,Jakob Twinger von Königshofen,,,ngCR9S272CHO5ARTtAU6mNny
431,1. Kapitel,Jakob Twinger von Königshofen,,,ngDS9T373DSP6BSQuBV7nOoX
431,1. Kapitel,Jakob Twinger von Königshofen,,,ngET9Y474CJQoCTLvEM85P5m
431,1. Kapitel,Jakob Twinger von Königshofen,,,ngFU9V575DKRoDUMwFX95Q6n
431,1. Kapitel,Jakob Twinger von Königshofen,,,ngGV9W676EVS7EVXxE81uRrW
431,1. Kapitel,Jakob Twinger von Königshofen,,,ngHW9J777FMT0FWKyFP1pS8p
431,1. Kapitel,Jakob Twinger von Königshofen,,,ngIX9G878GNU0GXLzH02rT9q
431,1. Kapitel,Jakob Twinger von Königshofen,,,ngJY9x979HuV4HYyaIB33U0r
431,1. Kapitel,Jakob Twinger von Königshofen,,,ngQF0m272PFC6OFnhOY62BbA
431,1. Kapitel,Jakob Twinger von Königshofen,,,ngRG0n373RWDaPGMiQJ7bCcX
431,1. Kapitel,Jakob Twinger von Königshofen,,,ngSH0o474SHEcQHhjR685DdM
431,1. Kapitel,Jakob Twinger von Königshofen,,,ngUJ0K676SJGdSJBlSM0cFfSbSG
431,1. Kapitel,Jakob Twinger von Königshofen,,,ngWL0M878ULI8ULDnVE23HhQdVI
431,1. Kapitel,Jakob Twinger von Königshofen,,,ngYN1O070WNKiWNnpWQ4iJjufWA
431,1. Kapitel,Jakob Twinger von Königshofen,,,ngAP1s272ZPM7YPHrZS6iLlw
431,1. Kapitel,Jakob Twinger von Königshofen,,,ngBQ1t373BGNjZQWsZz76MmD
431,1. Kapitel,Jakob Twinger von Königshofen,,,ngCR1u474CROkARTtA68kNnA
431,1. Kapitel,Jakob Twinger von Königshofen,,,ngDS1v575CoPlBSQuBb97OoP
431,1. Kapitel,Jakob Twinger von Königshofen,,,ngFU1b777DURqDUywFN17QqZ
431,1. Kapitel,Jakob Twinger von Königshofen,,,ngGV1y878GLSrEVvxGY23Rrc
431,1. Kapitel,Jakob Twinger von Königshofen,,,ngPE2F777NkBzNECgOn10AaVwNR
431,1. Kapitel,Jakob Twinger von Königshofen,,,ngTI3J171RoFeRIOkSr56EelaSl
431,1. Kapitel,Jakob Twinger von Königshofen,,,ngUJ3K272SJG4SJBlS46dFfKbUW
431,1. Kapitel,Jakob Twinger von Königshofen,,,ngVK3L373TKH4TKCmTt7eGgHcUH
431,1. Kapitel,Jakob Twinger von Königshofen,,,ngWL3M474ULI9ULtnUE87HhGdWY
431,1. Kapitel,Jakob Twinger von Königshofen,,,ngXM3N575VMJ9VMuoVP98IiDeXJ
431,1. Kapitel,Jakob Twinger von Königshofen,,,ngYN3O676WNK9WNrpX801JjmfYA
431,1. Kapitel,Jakob Twinger von Königshofen,,,ngZO3P777XELjXOMqXR1jKkrgYL
431,1. Kapitel,Jakob Twinger von Königshofen,,,ngAP3Q878YFMjYPNrZS20LlshZC
431,1. Kapitel,Jakob Twinger von Königshofen,,,ngBQ3R979ZGN0ZQAsZ13mMmpiBN
431,1. Kapitel,Jakob Twinger von Königshofen,,,ngCR4S070AHO0ARXtAK4nNnyjAu
431,1. Kapitel,Jakob Twinger von Königshofen,,,ngDS4T171BIPoBSYuCL54OozkCF
431,1. Kapitel,Jakob Twinger von Königshofen,,,ngET4U272CpQ6CTLvCM64PpGlDw
431,1. Kapitel,Jakob Twinger von Königshofen,,,ngFU4V373DqR6DUEwFN75QqPmDH
431,1. Kapitel,Jakob Twinger von Königshofen,,,ngGV4W474ErS6EVJxFY8oRrMnEy
431,1. Kapitel,Jakob Twinger von Königshofen,,,ngHW4X575GWTpFWwyFf98SsJoFp
431,1. Kapitel,Jakob Twinger von Königshofen,,,ngIX4Y676GtU1GXTzGA09TtwpIU
431,1. Kapitel,Jakob Twinger von Königshofen,,,ngJY4Z777IYVuHYcaJR17UuTqIL
431,1. Kapitel,Jakob Twinger von Königshofen,,,ngKZ4A878JZWuIZhbI022VvUrJW
431,1. Kapitel,Jakob Twinger von Königshofen,,,ngLA4B979KAXuJAecJT33WwdsJt
431,1. Kapitel,Jakob Twinger von Königshofen,,,ngMB5C070LBY2KBDdKE41XxWtLu
431,1. Kapitel,Jakob Twinger von Königshofen,,,ngNC5D171MCZ2LCEeMF56YyXuMZ
431,1. Kapitel,Jakob Twinger von Königshofen,,,ngOD5E272MjA6MDNfMG6xZzQvMQ
431,1. Kapitel,Jakob Twinger von Königshofen,,,ngPE5F373NkB6NEOgOH74AaFwNB
431,1. Kapitel,Jakob Twinger von Königshofen,,,ngQF5G474OlC6OFPhQI89BbGxPS
431,1. Kapitel,Jakob Twinger von Königshofen,,,ngRG5H575PcDzPGYiPZ9bCcTyRD
431,1. Kapitel,Jakob Twinger von Königshofen,,,ngSH5I676QnE1QHZjRA08DdIzRa
431,1. Kapitel,Jakob Twinger von Königshofen,,,ngTI5J777RoF1RIEkRL1bEeZaRF
431,1. Kapitel,Jakob Twinger von Königshofen,,,ngVK5L979TgHeTKkmUt32GgFcUH
431,1. Kapitel,Jakob Twinger von Königshofen,,,ngWL6M070UhI2ULJnVE40HhMdVI
431,1. Kapitel,Jakob Twinger von Königshofen,,,ngXM6N171ViJ1VMuoV351IiZeXZ
431,1. Kapitel,Jakob Twinger von Königshofen,,,ngYN6O272WjKjWNvpX466JjqfWK
431,1. Kapitel,Jakob Twinger von Königshofen,,,ngZO6P373YEL8XOUqX575KkvgYB
431,1. Kapitel,Jakob Twinger von Königshofen,,,ngAP6Q474ZFM8YPRrYI87LlYhAM
431,1. Kapitel,Jakob Twinger von Königshofen,,,ngCR6S676BxOlARFtBU00NnWjAO
431,1. Kapitel,Jakob Twinger von Königshofen,,,ngET6U878DzQ8CTPvCM29PpKlCQ
431,1. Kapitel,Jakob Twinger von Königshofen,,,ngFU6V979EaRqDUQwEN33QqxmFH
431,1. Kapitel,Jakob Twinger von Königshofen,,,ngGV7W070FbSqEVNxE245RrSnFI
432,2. Kapitel,Jakob Twinger von Königshofen,,,ngFU4V373DqR6DUEwEd7pQqDmDn
432,2. Kapitel,Jakob Twinger von Königshofen,,,ngGV4W474ErS6EVFxFO8qRrMnFy
432,2. Kapitel,Jakob Twinger von Königshofen,,,ngHW4X575GWTpFWOyHZ96SsToGp
432,2. Kapitel,Jakob Twinger von Königshofen,,,ngIX4Y676GtU1GXxzG801TtepGU
432,2. Kapitel,Jakob Twinger von Königshofen,,,ngLA4B979KAXuJAacLD34WwBsJN
432,2. Kapitel,Jakob Twinger von Königshofen,,,ngMB5C070LBY2KBZdKk4uXxCtMO
432,2. Kapitel,Jakob Twinger von Königshofen,,,ngNC5D171MCZ2LCAeLV5vYyPuLZ
432,2. Kapitel,Jakob Twinger von Königshofen,,,ngOD5E272MjA6MDRfM463ZzIvMQ
432,2. Kapitel,Jakob Twinger von Königshofen,,,ngPE5F373NkB6NESgNn74AaRwOh
432,2. Kapitel,Jakob Twinger von Königshofen,,,ngQF5G474OlC6OFThOY86BbAxOy
432,2. Kapitel,Jakob Twinger von Königshofen,,,ngSH5I676QnE1QHVjR807DdMzRU
432,2. Kapitel,Jakob Twinger von Königshofen,,,ngTI5J777RoF1RIWkSr1eEepaRF
432,2. Kapitel,Jakob Twinger von Königshofen,,,ngUJ5K878SfGeSJnlTs2cFfAbUW
432,2. Kapitel,Jakob Twinger von Königshofen,,,ngVK5L979TgHeTKomUD3dGgXcVH
432,2. Kapitel,Jakob Twinger von Königshofen,,,ngWL6M070UhI2ULJnWO4hHhUdUI
432,2. Kapitel,Jakob Twinger von Königshofen,,,ngXM6N171ViJ1VMuoVF5fIiZeWZ
432,2. Kapitel,Jakob Twinger von Königshofen,,,ngYN6O272WjKjWNvpWQ6gJjWfXq
432,2. Kapitel,Jakob Twinger von Königshofen,,,ngZO6P373YEL8XOQqXR73KkJgYh
432,2. Kapitel,Jakob Twinger von Königshofen,,,ngAP6Q474ZFM8YPVrZI87LlUhZs
432,2. Kapitel,Jakob Twinger von Königshofen,,,ngBQ6R575AwNlZQEsBT90MmxiZj
432,2. Kapitel,Jakob Twinger von Königshofen,,,ngCR6S676BxOlARFtB801NnujBO
432,2. Kapitel,Jakob Twinger von Königshofen,,,ngDS6T777CyPlBSCuBV18OozkDF
432,2. Kapitel,Jakob Twinger von Königshofen,,,ngET6U878DzQ8CTLvDW2mPpQlCw
432,2. Kapitel,Jakob Twinger von Königshofen,,,ngFU6V979EaRqDUMwDd34QqxmFH
432,2. Kapitel,Jakob Twinger von Königshofen,,,ngHW7X171GcT3FWeyFP52SsXoGT
432,2. Kapitel,Jakob Twinger von Königshofen,,,ngIX7Y272HdU3GXfzGA63TtOpGK
432,2. Kapitel,Jakob Twinger von Königshofen,,,ngJY7Z373IYV8HYWaHB7uUuDqJV
432,2. Kapitel,Jakob Twinger von Königshofen,,,ngKZ7A474JZW7IZhbKS8vVvQrIs
432,2. Kapitel,Jakob Twinger von Königshofen,,,ngLA7B575KAX7JAicLD9vWwRsKX
432,2. Kapitel,Jakob Twinger von Königshofen,,,ngMB7C676LRYvKBLdL801XxOtLu
432,2. Kapitel,Jakob Twinger von Königshofen,,,ngNC7D777MSZvLCMeMl12YyfuLZ
432,2. Kapitel,Jakob Twinger von Königshofen,,,ngPE7F979OUBaNESgNn33AaBwNh
432,2. Kapitel,Jakob Twinger von Königshofen,,,ngQF8G070PVCaOFThOY44BbKxPC
432,2. Kapitel,Jakob Twinger von Königshofen,,,ngRG8H171QWD3PGCiQZ5aCcPyRT
432,2. Kapitel,Jakob Twinger von Königshofen,,,ngSH8I272RXE3QHljQK62DdMzQk
432,2. Kapitel,Jakob Twinger von Königshofen,,,ngTI8J373SYF3RIikTB73EeVaSV
432,2. Kapitel,Jakob Twinger von Königshofen,,,ngUJ8K474SpGeSJPlT68dFfE
432,2. Kapitel,Jakob Twinger von Königshofen,,,ngVK8L575TAHdTKCmTt9gGgL
432,2. Kapitel,Jakob Twinger von Königshofen,,,ngWL8M676VBIgULpnVE0hHho
432,2. Kapitel,Jakob Twinger von Königshofen,,,ngXM8N777WMJhVMmoWF19IiN
432,2. Kapitel,Jakob Twinger von Königshofen,,,ngZO8P979YkL1XOKqXH32KkP
432,2. Kapitel,Jakob Twinger von Königshofen,,,ngAP9Q070ZvM2YPHrYI42Llo
432,2. Kapitel,Jakob Twinger von Königshofen,,,ngBQ9V171ZQN4ZQWsZJ5lMmD
432,2. Kapitel,Jakob Twinger von Königshofen,,,ngCR9S272CHO5ARTtAU6mNny
432,2. Kapitel,Jakob Twinger von Königshofen,,,ngET9Y474CJQoCTLvEM85P5m
432,2. Kapitel,Jakob Twinger von Königshofen,,,ngFU9V575DKRoDUMwFX95Q6n
432,2. Kapitel,Jakob Twinger von Königshofen,,,ngGV9W676EVS7EVXxE81uRrW
432,2. Kapitel,Jakob Twinger von Königshofen,,,ngHW9J777FMT0FWKyFP1pS8p
432,2. Kapitel,Jakob Twinger von Königshofen,,,ngIX9G878GNU0GXLzH02rT9q
432,2. Kapitel,Jakob Twinger von Königshofen,,,ngJY9x979HuV4HYyaIB33U0r
432,2. Kapitel,Jakob Twinger von Königshofen,,,ngQF0m272PFC6OFnhOY62BbA
432,2. Kapitel,Jakob Twinger von Königshofen,,,ngRG0n373RWDaPGMiQJ7bCcX
432,2. Kapitel,Jakob Twinger von Königshofen,,,ngSH0o474SHEcQHhjR685DdM
432,2. Kapitel,Jakob Twinger von Königshofen,,,ngUJ0K676SJGdSJBlSM0cFfSbSG
432,2. Kapitel,Jakob Twinger von Königshofen,,,ngWL0M878ULI8ULDnVE23HhQdVI
432,2. Kapitel,Jakob Twinger von Königshofen,,,ngYN1O070WNKiWNnpWQ4iJjufWA
432,2. Kapitel,Jakob Twinger von Königshofen,,,ngZO1r171YEL6XOKqX355KkB
432,2. Kapitel,Jakob Twinger von Königshofen,,,ngAP1s272ZPM7YPHrZS6iLlw
432,2. Kapitel,Jakob Twinger von Königshofen,,,ngBQ1t373BGNjZQWsZz76MmD
432,2. Kapitel,Jakob Twinger von Königshofen,,,ngCR1u474CROkARTtA68kNnA
432,2. Kapitel,Jakob Twinger von Königshofen,,,ngDS1v575CoPlBSQuBb97OoP
432,2. Kapitel,Jakob Twinger von Königshofen,,,ngJY2Z171HOV4HYUaIB5tUuHqIr
432,2. Kapitel,Jakob Twinger von Königshofen,,,ngKZ2A272IPW4IZzbKS64VvArIc
432,2. Kapitel,Jakob Twinger von Königshofen,,,ngTI3J171RoFeRIOkSr56EelaSl
432,2. Kapitel,Jakob Twinger von Königshofen,,,ngUJ3K272SJG4SJBlS46dFfKbUW
432,2. Kapitel,Jakob Twinger von Königshofen,,,ngVK3L373TKH4TKCmTt7eGgHcUH
432,2. Kapitel,Jakob Twinger von Königshofen,,,ngWL3M474ULI9ULtnUE87HhGdWY
432,2. Kapitel,Jakob Twinger von Königshofen,,,ngYN3O676WNK9WNrpX801JjmfYA
432,2. Kapitel,Jakob Twinger von Königshofen,,,ngZO3P777XELjXOMqXR1jKkrgYL
432,2. Kapitel,Jakob Twinger von Königshofen,,,ngBQ3R979ZGN0ZQAsZ13mMmpiBN
432,2. Kapitel,Jakob Twinger von Königshofen,,,ngCR4S070AHO0ARXtAK4nNnyjAu
432,2. Kapitel,Jakob Twinger von Königshofen,,,ngDS4T171BIPoBSYuCL54OozkCF
432,2. Kapitel,Jakob Twinger von Königshofen,,,ngET4U272CpQ6CTLvCM64PpGlDw
432,2. Kapitel,Jakob Twinger von Königshofen,,,ngFU4V373DqR6DUEwFN75QqPmDH
432,2. Kapitel,Jakob Twinger von Königshofen,,,ngGV4W474ErS6EVJxFY8oRrMnEy
432,2. Kapitel,Jakob Twinger von Königshofen,,,ngHW4X575GWTpFWwyFf98SsJoFp
432,2. Kapitel,Jakob Twinger von Königshofen,,,ngIX4Y676GtU1GXTzGA09TtwpIU
432,2. Kapitel,Jakob Twinger von Königshofen,,,ngJY4Z777IYVuHYcaJR17UuTqIL
432,2. Kapitel,Jakob Twinger von Königshofen,,,ngKZ4A878JZWuIZhbI022VvUrJW
432,2. Kapitel,Jakob Twinger von Königshofen,,,ngLA4B979KAXuJAecJT33WwdsJt
432,2. Kapitel,Jakob Twinger von Königshofen,,,ngMB5C070LBY2KBDdKE41XxWtLu
432,2. Kapitel,Jakob Twinger von Königshofen,,,ngNC5D171MCZ2LCEeMF56YyXuMZ
432,2. Kapitel,Jakob Twinger von Königshofen,,,ngOD5E272MjA6MDNfMG6xZzQvMQ
432,2. Kapitel,Jakob Twinger von Königshofen,,,ngPE5F373NkB6NEOgOH74AaFwNB
432,2. Kapitel,Jakob Twinger von Königshofen,,,ngQF5G474OlC6OFPhQI89BbGxPS
432,2. Kapitel,Jakob Twinger von Königshofen,,,ngRG5H575PcDzPGYiPZ9bCcTyRD
432,2. Kapitel,Jakob Twinger von Königshofen,,,ngSH5I676QnE1QHZjRA08DdIzRa
432,2. Kapitel,Jakob Twinger von Königshofen,,,ngTI5J777RoF1RIEkRL1bEeZaRF
432,2. Kapitel,Jakob Twinger von Königshofen,,,ngVK5L979TgHeTKkmUt32GgFcUH
432,2. Kapitel,Jakob Twinger von Königshofen,,,ngWL6M070UhI2ULJnVE40HhMdVI
432,2. Kapitel,Jakob Twinger von Königshofen,,,ngYN6O272WjKjWNvpX466JjqfWK
432,2. Kapitel,Jakob Twinger von Königshofen,,,ngZO6P373YEL8XOUqX575KkvgYB
432,2. Kapitel,Jakob Twinger von Königshofen,,,ngAP6Q474ZFM8YPRrYI87LlYhAM
432,2. Kapitel,Jakob Twinger von Königshofen,,,ngBQ6R575AwNlZQEsZT9mMmtiBD
432,2. Kapitel,Jakob Twinger von Königshofen,,,ngCR6S676BxOlARFtBU00NnWjAO
432,2. Kapitel,Jakob Twinger von Königshofen,,,ngET6U878DzQ8CTPvCM29PpKlCQ
432,2. Kapitel,Jakob Twinger von Königshofen,,,ngFU6V979EaRqDUQwEN33QqxmFH
432,2. Kapitel,Jakob Twinger von Königshofen,,,ngGV7W070FbSqEVNxE245RrSnFI
433,3. Kapitel,Jakob Twinger von Königshofen,,,ngFU4V373DqR6DUEwEd7pQqDmDn
433,3. Kapitel,Jakob Twinger von Königshofen,,,ngGV4W474ErS6EVFxFO8qRrMnFy
433,3. Kapitel,Jakob Twinger von Königshofen,,,ngHW4X575GWTpFWOyHZ96SsToGp
433,3. Kapitel,Jakob Twinger von Königshofen,,,ngIX4Y676GtU1GXxzG801TtepGU
433,3. Kapitel,Jakob Twinger von Königshofen,,,ngLA4B979KAXuJAacLD34WwBsJN
433,3. Kapitel,Jakob Twinger von Königshofen,,,ngMB5C070LBY2KBZdKk4uXxCtMO
433,3. Kapitel,Jakob Twinger von Königshofen,,,ngNC5D171MCZ2LCAeLV5vYyPuLZ
433,3. Kapitel,Jakob Twinger von Königshofen,,,ngOD5E272MjA6MDRfM463ZzIvMQ
433,3. Kapitel,Jakob Twinger von Königshofen,,,ngPE5F373NkB6NESgNn74AaRwOh
433,3. Kapitel,Jakob Twinger von Königshofen,,,ngQF5G474OlC6OFThOY86BbAxOy
433,3. Kapitel,Jakob Twinger von Königshofen,,,ngSH5I676QnE1QHVjR807DdMzRU
433,3. Kapitel,Jakob Twinger von Königshofen,,,ngTI5J777RoF1RIWkSr1eEepaRF
433,3. Kapitel,Jakob Twinger von Königshofen,,,ngUJ5K878SfGeSJnlTs2cFfAbUW
433,3. Kapitel,Jakob Twinger von Königshofen,,,ngVK5L979TgHeTKomUD3dGgXcVH
433,3. Kapitel,Jakob Twinger von Königshofen,,,ngWL6M070UhI2ULJnWO4hHhUdUI
433,3. Kapitel,Jakob Twinger von Königshofen,,,ngXM6N171ViJ1VMuoVF5fIiZeWZ
433,3. Kapitel,Jakob Twinger von Königshofen,,,ngYN6O272WjKjWNvpWQ6gJjWfXq
433,3. Kapitel,Jakob Twinger von Königshofen,,,ngZO6P373YEL8XOQqXR73KkJgYh
433,3. Kapitel,Jakob Twinger von Königshofen,,,ngAP6Q474ZFM8YPVrZI87LlUhZs
433,3. Kapitel,Jakob Twinger von Königshofen,,,ngBQ6R575AwNlZQEsBT90MmxiZj
433,3. Kapitel,Jakob Twinger von Königshofen,,,ngDS6T777CyPlBSCuBV18OozkDF
433,3. Kapitel,Jakob Twinger von Königshofen,,,ngFU6V979EaRqDUMwDd34QqxmFH
433,3. Kapitel,Jakob Twinger von Königshofen,,,ngHW7X171GcT3FWeyFP52SsXoGT
433,3. Kapitel,Jakob Twinger von Königshofen,,,ngIX7Y272HdU3GXfzGA63TtOpGK
433,3. Kapitel,Jakob Twinger von Königshofen,,,ngJY7Z373IYV8HYWaHB7uUuDqJV
433,3. Kapitel,Jakob Twinger von Königshofen,,,ngKZ7A474JZW7IZhbKS8vVvQrIs
433,3. Kapitel,Jakob Twinger von Königshofen,,,ngLA7B575KAX7JAicLD9vWwRsKX
433,3. Kapitel,Jakob Twinger von Königshofen,,,ngMB7C676LRYvKBLdL801XxOtLu
433,3. Kapitel,Jakob Twinger von Königshofen,,,ngNC7D777MSZvLCMeMl12YyfuLZ
433,3. Kapitel,Jakob Twinger von Königshofen,,,ngOD7E878NTA8MDZfMG2xZzYvNQ
433,3. Kapitel,Jakob Twinger von Königshofen,,,ngPE7F979OUBaNESgNn33AaBwNh
433,3. Kapitel,Jakob Twinger von Königshofen,,,ngQF8G070PVCaOFThOY44BbKxPC
433,3. Kapitel,Jakob Twinger von Königshofen,,,ngRG8H171QWD3PGCiQZ5aCcPyRT
433,3. Kapitel,Jakob Twinger von Königshofen,,,ngSH8I272RXE3QHljQK62DdMzQk
433,3. Kapitel,Jakob Twinger von Königshofen,,,ngTI8J373SYF3RIikTB73EeVaSV
433,3. Kapitel,Jakob Twinger von Königshofen,,,ngUJ8K474SpGeSJPlT68dFfE
433,3. Kapitel,Jakob Twinger von Königshofen,,,ngVK8L575TAHdTKCmTt9gGgL
433,3. Kapitel,Jakob Twinger von Königshofen,,,ngWL8M676VBIgULpnVE0hHho
433,3. Kapitel,Jakob Twinger von Königshofen,,,ngZO8P979YkL1XOKqXH32KkP
433,3. Kapitel,Jakob Twinger von Königshofen,,,ngAP9Q070ZvM2YPHrYI42Llo
433,3. Kapitel,Jakob Twinger von Königshofen,,,ngBQ9V171ZQN4ZQWsZJ5lMmD
433,3. Kapitel,Jakob Twinger von Königshofen,,,ngCR9S272CHO5ARTtAU6mNny
433,3. Kapitel,Jakob Twinger von Königshofen,,,ngET9Y474CJQoCTLvEM85P5m
433,3. Kapitel,Jakob Twinger von Königshofen,,,ngFU9V575DKRoDUMwFX95Q6n
433,3. Kapitel,Jakob Twinger von Königshofen,,,ngGV9W676EVS7EVXxE81uRrW
433,3. Kapitel,Jakob Twinger von Königshofen,,,ngHW9J777FMT0FWKyFP1pS8p
433,3. Kapitel,Jakob Twinger von Königshofen,,,ngJY9x979HuV4HYyaIB33U0r
433,3. Kapitel,Jakob Twinger von Königshofen,,,ngQF0m272PFC6OFnhOY62BbA
433,3. Kapitel,Jakob Twinger von Königshofen,,,ngRG0n373RWDaPGMiQJ7bCcX
433,3. Kapitel,Jakob Twinger von Königshofen,,,ngSH0o474SHEcQHhjR685DdM
433,3. Kapitel,Jakob Twinger von Königshofen,,,ngUJ0K676SJGdSJBlSM0cFfSbSG
433,3. Kapitel,Jakob Twinger von Königshofen,,,ngWL0M878ULI8ULDnVE23HhQdVI
433,3. Kapitel,Jakob Twinger von Königshofen,,,ngYN1O070WNKiWNnpWQ4iJjufWA
433,3. Kapitel,Jakob Twinger von Königshofen,,,ngZO1r171YEL6XOKqX355KkB
433,3. Kapitel,Jakob Twinger von Königshofen,,,ngBQ1t373BGNjZQWsZz76MmD
433,3. Kapitel,Jakob Twinger von Königshofen,,,ngCR1u474CROkARTtA68kNnA
433,3. Kapitel,Jakob Twinger von Königshofen,,,ngFU1b777DURqDUywFN17QqZ
433,3. Kapitel,Jakob Twinger von Königshofen,,,ngJY2Z171HOV4HYUaIB5tUuHqIr
433,3. Kapitel,Jakob Twinger von Königshofen,,,ngTI3J171RoFeRIOkSr56EelaSl
433,3. Kapitel,Jakob Twinger von Königshofen,,,ngVK3L373TKH4TKCmTt7eGgHcUH
433,3. Kapitel,Jakob Twinger von Königshofen,,,ngWL3M474ULI9ULtnUE87HhGdWY
433,3. Kapitel,Jakob Twinger von Königshofen,,,ngYN3O676WNK9WNrpX801JjmfYA
433,3. Kapitel,Jakob Twinger von Königshofen,,,ngZO3P777XELjXOMqXR1jKkrgYL
433,3. Kapitel,Jakob Twinger von Königshofen,,,ngCR4S070AHO0ARXtAK4nNnyjAu
433,3. Kapitel,Jakob Twinger von Königshofen,,,ngDS4T171BIPoBSYuCL54OozkCF
433,3. Kapitel,Jakob Twinger von Königshofen,,,ngET4U272CpQ6CTLvCM64PpGlDw
433,3. Kapitel,Jakob Twinger von Königshofen,,,ngFU4V373DqR6DUEwFN75QqPmDH
433,3. Kapitel,Jakob Twinger von Königshofen,,,ngGV4W474ErS6EVJxFY8oRrMnEy
433,3. Kapitel,Jakob Twinger von Königshofen,,,ngHW4X575GWTpFWwyFf98SsJoFp
433,3. Kapitel,Jakob Twinger von Königshofen,,,ngIX4Y676GtU1GXTzGA09TtwpIU
433,3. Kapitel,Jakob Twinger von Königshofen,,,ngJY4Z777IYVuHYcaJR17UuTqIL
433,3. Kapitel,Jakob Twinger von Königshofen,,,ngKZ4A878JZWuIZhbI022VvUrJW
433,3. Kapitel,Jakob Twinger von Königshofen,,,ngLA4B979KAXuJAecJT33WwdsJt
433,3. Kapitel,Jakob Twinger von Königshofen,,,ngMB5C070LBY2KBDdKE41XxWtLu
433,3. Kapitel,Jakob Twinger von Königshofen,,,ngNC5D171MCZ2LCEeMF56YyXuMZ
433,3. Kapitel,Jakob Twinger von Königshofen,,,ngOD5E272MjA6MDNfMG6xZzQvMQ
433,3. Kapitel,Jakob Twinger von Königshofen,,,ngPE5F373NkB6NEOgOH74AaFwNB
433,3. Kapitel,Jakob Twinger von Königshofen,,,ngQF5G474OlC6OFPhQI89BbGxPS
433,3. Kapitel,Jakob Twinger von Königshofen,,,ngRG5H575PcDzPGYiPZ9bCcTyRD
433,3. Kapitel,Jakob Twinger von Königshofen,,,ngSH5I676QnE1QHZjRA08DdIzRa
433,3. Kapitel,Jakob Twinger von Königshofen,,,ngTI5J777RoF1RIEkRL1bEeZaRF
433,3. Kapitel,Jakob Twinger von Königshofen,,,ngVK5L979TgHeTKkmUt32GgFcUH
433,3. Kapitel,Jakob Twinger von Königshofen,,,ngWL6M070UhI2ULJnVE40HhMdVI
433,3. Kapitel,Jakob Twinger von Königshofen,,,ngYN6O272WjKjWNvpX466JjqfWK
433,3. Kapitel,Jakob Twinger von Königshofen,,,ngZO6P373YEL8XOUqX575KkvgYB
433,3. Kapitel,Jakob Twinger von Königshofen,,,ngAP6Q474ZFM8YPRrYI87LlYhAM
433,3. Kapitel,Jakob Twinger von Königshofen,,,ngBQ6R575AwNlZQEsZT9mMmtiBD
433,3. Kapitel,Jakob Twinger von Königshofen,,,ngCR6S676BxOlARFtBU00NnWjAO
433,3. Kapitel,Jakob Twinger von Königshofen,,,ngET6U878DzQ8CTPvCM29PpKlCQ
433,3. Kapitel,Jakob Twinger von Königshofen,,,ngFU6V979EaRqDUQwEN33QqxmFH
433,3. Kapitel,Jakob Twinger von Königshofen,,,ngGV7W070FbSqEVNxE245RrSnFI
434,4. Kapitel,Jakob Twinger von Königshofen,,,ngGV4W474ErS6EVFxFO8qRrMnFy
434,4. Kapitel,Jakob Twinger von Königshofen,,,ngHW4X575GWTpFWOyHZ96SsToGp
434,4. Kapitel,Jakob Twinger von Königshofen,,,ngIX4Y676GtU1GXxzG801TtepGU
434,4. Kapitel,Jakob Twinger von Königshofen,,,ngLA4B979KAXuJAacLD34WwBsJN
434,4. Kapitel,Jakob Twinger von Königshofen,,,ngMB5C070LBY2KBZdKk4uXxCtMO
434,4. Kapitel,Jakob Twinger von Königshofen,,,ngOD5E272MjA6MDRfM463ZzIvMQ
434,4. Kapitel,Jakob Twinger von Königshofen,,,ngQF5G474OlC6OFThOY86BbAxOy
434,4. Kapitel,Jakob Twinger von Königshofen,,,ngTI5J777RoF1RIWkSr1eEepaRF
434,4. Kapitel,Jakob Twinger von Königshofen,,,ngUJ5K878SfGeSJnlTs2cFfAbUW
434,4. Kapitel,Jakob Twinger von Königshofen,,,ngVK5L979TgHeTKomUD3dGgXcVH
434,4. Kapitel,Jakob Twinger von Königshofen,,,ngWL6M070UhI2ULJnWO4hHhUdUI
434,4. Kapitel,Jakob Twinger von Königshofen,,,ngXM6N171ViJ1VMuoVF5fIiZeWZ
434,4. Kapitel,Jakob Twinger von Königshofen,,,ngZO6P373YEL8XOQqXR73KkJgYh
434,4. Kapitel,Jakob Twinger von Königshofen,,,ngAP6Q474ZFM8YPVrZI87LlUhZs
434,4. Kapitel,Jakob Twinger von Königshofen,,,ngDS6T777CyPlBSCuBV18OozkDF
434,4. Kapitel,Jakob Twinger von Königshofen,,,ngFU6V979EaRqDUMwDd34QqxmFH
434,4. Kapitel,Jakob Twinger von Königshofen,,,ngHW7X171GcT3FWeyFP52SsXoGT
434,4. Kapitel,Jakob Twinger von Königshofen,,,ngIX7Y272HdU3GXfzGA63TtOpGK
434,4. Kapitel,Jakob Twinger von Königshofen,,,ngJY7Z373IYV8HYWaHB7uUuDqJV
434,4. Kapitel,Jakob Twinger von Königshofen,,,ngKZ7A474JZW7IZhbKS8vVvQrIs
434,4. Kapitel,Jakob Twinger von Königshofen,,,ngMB7C676LRYvKBLdL801XxOtLu
434,4. Kapitel,Jakob Twinger von Königshofen,,,ngNC7D777MSZvLCMeMl12YyfuLZ
434,4. Kapitel,Jakob Twinger von Königshofen,,,ngPE7F979OUBaNESgNn33AaBwNh
434,4. Kapitel,Jakob Twinger von Königshofen,,,ngQF8G070PVCaOFThOY44BbKxPC
434,4. Kapitel,Jakob Twinger von Königshofen,,,ngRG8H171QWD3PGCiQZ5aCcPyRT
434,4. Kapitel,Jakob Twinger von Königshofen,,,ngTI8J373SYF3RIikTB73EeVaSV
434,4. Kapitel,Jakob Twinger von Königshofen,,,ngUJ8K474SpGeSJPlT68dFfE
434,4. Kapitel,Jakob Twinger von Königshofen,,,ngVK8L575TAHdTKCmTt9gGgL
434,4. Kapitel,Jakob Twinger von Königshofen,,,ngWL8M676VBIgULpnVE0hHho
434,4. Kapitel,Jakob Twinger von Königshofen,,,ngXM8N777WMJhVMmoWF19IiN
434,4. Kapitel,Jakob Twinger von Königshofen,,,ngZO8P979YkL1XOKqXH32KkP
434,4. Kapitel,Jakob Twinger von Königshofen,,,ngAP9Q070ZvM2YPHrYI42Llo
434,4. Kapitel,Jakob Twinger von Königshofen,,,ngBQ9V171ZQN4ZQWsZJ5lMmD
434,4. Kapitel,Jakob Twinger von Königshofen,,,ngCR9S272CHO5ARTtAU6mNny
434,4. Kapitel,Jakob Twinger von Königshofen,,,ngFU9V575DKRoDUMwFX95Q6n
434,4. Kapitel,Jakob Twinger von Königshofen,,,ngGV9W676EVS7EVXxE81uRrW
434,4. Kapitel,Jakob Twinger von Königshofen,,,ngIX9G878GNU0GXLzH02rT9q
434,4. Kapitel,Jakob Twinger von Königshofen,,,ngJY9x979HuV4HYyaIB33U0r
434,4. Kapitel,Jakob Twinger von Königshofen,,,ngRG0n373RWDaPGMiQJ7bCcX
434,4. Kapitel,Jakob Twinger von Königshofen,,,ngSH0o474SHEcQHhjR685DdM
434,4. Kapitel,Jakob Twinger von Königshofen,,,ngUJ0K676SJGdSJBlSM0cFfSbSG
434,4. Kapitel,Jakob Twinger von Königshofen,,,ngWL0M878ULI8ULDnVE23HhQdVI
434,4. Kapitel,Jakob Twinger von Königshofen,,,ngYN1O070WNKiWNnpWQ4iJjufWA
434,4. Kapitel,Jakob Twinger von Königshofen,,,ngZO1r171YEL6XOKqX355KkB
434,4. Kapitel,Jakob Twinger von Königshofen,,,ngBQ1t373BGNjZQWsZz76MmD
434,4. Kapitel,Jakob Twinger von Königshofen,,,ngCR1u474CROkARTtA68kNnA
434,4. Kapitel,Jakob Twinger von Königshofen,,,ngHW1d979FsT9FWKyHZ3rSsJ
434,4. Kapitel,Jakob Twinger von Königshofen,,,ngJY2Z171HOV4HYUaIB5tUuHqIr
434,4. Kapitel,Jakob Twinger von Königshofen,,,ngMB2C474KhYuKBZdKU88XxWtKe
434,4. Kapitel,Jakob Twinger von Königshofen,,,ngOD2E676MjAzMDBfN809ZzQvNA
434,4. Kapitel,Jakob Twinger von Königshofen,,,ngTI3J171RoFeRIOkSr56EelaSl
434,4. Kapitel,Jakob Twinger von Königshofen,,,ngVK3L373TKH4TKCmTt7eGgHcUH
434,4. Kapitel,Jakob Twinger von Königshofen,,,ngWL3M474ULI9ULtnUE87HhGdWY
434,4. Kapitel,Jakob Twinger von Königshofen,,,ngYN3O676WNK9WNrpX801JjmfYA
434,4. Kapitel,Jakob Twinger von Königshofen,,,ngZO3P777XELjXOMqXR1jKkrgYL
434,4. Kapitel,Jakob Twinger von Königshofen,,,ngCR4S070AHO0ARXtAK4nNnyjAu
434,4. Kapitel,Jakob Twinger von Königshofen,,,ngDS4T171BIPoBSYuCL54OozkCF
434,4. Kapitel,Jakob Twinger von Königshofen,,,ngET4U272CpQ6CTLvCM64PpGlDw
434,4. Kapitel,Jakob Twinger von Königshofen,,,ngFU4V373DqR6DUEwFN75QqPmDH
434,4. Kapitel,Jakob Twinger von Königshofen,,,ngGV4W474ErS6EVJxFY8oRrMnEy
434,4. Kapitel,Jakob Twinger von Königshofen,,,ngHW4X575GWTpFWwyFf98SsJoFp
434,4. Kapitel,Jakob Twinger von Königshofen,,,ngIX4Y676GtU1GXTzGA09TtwpIU
434,4. Kapitel,Jakob Twinger von Königshofen,,,ngJY4Z777IYVuHYcaJR17UuTqIL
434,4. Kapitel,Jakob Twinger von Königshofen,,,ngKZ4A878JZWuIZhbI022VvUrJW
434,4. Kapitel,Jakob Twinger von Königshofen,,,ngLA4B979KAXuJAecJT33WwdsJt
434,4. Kapitel,Jakob Twinger von Königshofen,,,ngMB5C070LBY2KBDdKE41XxWtLu
434,4. Kapitel,Jakob Twinger von Königshofen,,,ngNC5D171MCZ2LCEeMF56YyXuMZ
434,4. Kapitel,Jakob Twinger von Königshofen,,,ngOD5E272MjA6MDNfMG6xZzQvMQ
434,4. Kapitel,Jakob Twinger von Königshofen,,,ngPE5F373NkB6NEOgOH74AaFwNB
434,4. Kapitel,Jakob Twinger von Königshofen,,,ngQF5G474OlC6OFPhQI89BbGxPS
434,4. Kapitel,Jakob Twinger von Königshofen,,,ngRG5H575PcDzPGYiPZ9bCcTyRD
434,4. Kapitel,Jakob Twinger von Königshofen,,,ngSH5I676QnE1QHZjRA08DdIzRa
434,4. Kapitel,Jakob Twinger von Königshofen,,,ngTI5J777RoF1RIEkRL1bEeZaRF
434,4. Kapitel,Jakob Twinger von Königshofen,,,ngWL6M070UhI2ULJnVE40HhMdVI
434,4. Kapitel,Jakob Twinger von Königshofen,,,ngZO6P373YEL8XOUqX575KkvgYB
434,4. Kapitel,Jakob Twinger von Königshofen,,,ngAP6Q474ZFM8YPRrYI87LlYhAM
434,4. Kapitel,Jakob Twinger von Königshofen,,,ngBQ6R575AwNlZQEsZT9mMmtiBD
434,4. Kapitel,Jakob Twinger von Königshofen,,,ngCR6S676BxOlARFtBU00NnWjAO
434,4. Kapitel,Jakob Twinger von Königshofen,,,ngET6U878DzQ8CTPvCM29PpKlCQ
434,4. Kapitel,Jakob Twinger von Königshofen,,,ngFU6V979EaRqDUQwEN33QqxmFH
434,4. Kapitel,Jakob Twinger von Königshofen,,,ngGV7W070FbSqEVNxE245RrSnFI
435,5. Kapitel,Jakob Twinger von Königshofen,,,ngGV4W474ErS6EVFxFO8qRrMnFy
435,5. Kapitel,Jakob Twinger von Königshofen,,,ngHW4X575GWTpFWOyHZ96SsToGp
435,5. Kapitel,Jakob Twinger von Königshofen,,,ngIX4Y676GtU1GXxzG801TtepGU
435,5. Kapitel,Jakob Twinger von Königshofen,,,ngKZ4A878JZWuIZhbJi2uVvUrKW
435,5. Kapitel,Jakob Twinger von Königshofen,,,ngLA4B979KAXuJAacLD34WwBsJN
435,5. Kapitel,Jakob Twinger von Königshofen,,,ngMB5C070LBY2KBZdKk4uXxCtMO
435,5. Kapitel,Jakob Twinger von Königshofen,,,ngOD5E272MjA6MDRfM463ZzIvMQ
435,5. Kapitel,Jakob Twinger von Königshofen,,,ngTI5J777RoF1RIWkSr1eEepaRF
435,5. Kapitel,Jakob Twinger von Königshofen,,,ngUJ5K878SfGeSJnlTs2cFfAbUW
435,5. Kapitel,Jakob Twinger von Königshofen,,,ngVK5L979TgHeTKomUD3dGgXcVH
435,5. Kapitel,Jakob Twinger von Königshofen,,,ngWL6M070UhI2ULJnWO4hHhUdUI
435,5. Kapitel,Jakob Twinger von Königshofen,,,ngYN6O272WjKjWNvpWQ6gJjWfXq
435,5. Kapitel,Jakob Twinger von Königshofen,,,ngZO6P373YEL8XOQqXR73KkJgYh
435,5. Kapitel,Jakob Twinger von Königshofen,,,ngAP6Q474ZFM8YPVrZI87LlUhZs
435,5. Kapitel,Jakob Twinger von Königshofen,,,ngCR6S676BxOlARFtB801NnujBO
435,5. Kapitel,Jakob Twinger von Königshofen,,,ngDS6T777CyPlBSCuBV18OozkDF
435,5. Kapitel,Jakob Twinger von Königshofen,,,ngFU6V979EaRqDUMwDd34QqxmFH
435,5. Kapitel,Jakob Twinger von Königshofen,,,ngHW7X171GcT3FWeyFP52SsXoGT
435,5. Kapitel,Jakob Twinger von Königshofen,,,ngIX7Y272HdU3GXfzGA63TtOpGK
435,5. Kapitel,Jakob Twinger von Königshofen,,,ngJY7Z373IYV8HYWaHB7uUuDqJV
435,5. Kapitel,Jakob Twinger von Königshofen,,,ngKZ7A474JZW7IZhbKS8vVvQrIs
435,5. Kapitel,Jakob Twinger von Königshofen,,,ngLA7B575KAX7JAicLD9vWwRsKX
435,5. Kapitel,Jakob Twinger von Königshofen,,,ngMB7C676LRYvKBLdL801XxOtLu
435,5. Kapitel,Jakob Twinger von Königshofen,,,ngNC7D777MSZvLCMeMl12YyfuLZ
435,5. Kapitel,Jakob Twinger von Königshofen,,,ngPE7F979OUBaNESgNn33AaBwNh
435,5. Kapitel,Jakob Twinger von Königshofen,,,ngQF8G070PVCaOFThOY44BbKxPC
435,5. Kapitel,Jakob Twinger von Königshofen,,,ngRG8H171QWD3PGCiQZ5aCcPyRT
435,5. Kapitel,Jakob Twinger von Königshofen,,,ngTI8J373SYF3RIikTB73EeVaSV
435,5. Kapitel,Jakob Twinger von Königshofen,,,ngUJ8K474SpGeSJPlT68dFfE
435,5. Kapitel,Jakob Twinger von Königshofen,,,ngVK8L575TAHdTKCmTt9gGgL
435,5. Kapitel,Jakob Twinger von Königshofen,,,ngWL8M676VBIgULpnVE0hHho
435,5. Kapitel,Jakob Twinger von Königshofen,,,ngXM8N777WMJhVMmoWF19IiN
435,5. Kapitel,Jakob Twinger von Königshofen,,,ngZO8P979YkL1XOKqXH32KkP
435,5. Kapitel,Jakob Twinger von Königshofen,,,ngAP9Q070ZvM2YPHrYI42Llo
435,5. Kapitel,Jakob Twinger von Königshofen,,,ngBQ9V171ZQN4ZQWsZJ5lMmD
435,5. Kapitel,Jakob Twinger von Königshofen,,,ngCR9S272CHO5ARTtAU6mNny
435,5. Kapitel,Jakob Twinger von Königshofen,,,ngDS9T373DSP6BSQuBV7nOoX
435,5. Kapitel,Jakob Twinger von Königshofen,,,ngFU9V575DKRoDUMwFX95Q6n
435,5. Kapitel,Jakob Twinger von Königshofen,,,ngGV9W676EVS7EVXxE81uRrW
435,5. Kapitel,Jakob Twinger von Königshofen,,,ngHW9J777FMT0FWKyFP1pS8p
435,5. Kapitel,Jakob Twinger von Königshofen,,,ngIX9G878GNU0GXLzH02rT9q
435,5. Kapitel,Jakob Twinger von Königshofen,,,ngJY9x979HuV4HYyaIB33U0r
435,5. Kapitel,Jakob Twinger von Königshofen,,,ngOD0k070NjA5MDFfMW4wZzA
435,5. Kapitel,Jakob Twinger von Königshofen,,,ngPE0l171OUB6NECgNH56AaV
435,5. Kapitel,Jakob Twinger von Königshofen,,,ngQF0m272PFC6OFnhOY62BbA
435,5. Kapitel,Jakob Twinger von Königshofen,,,ngRG0n373RWDaPGMiQJ7bCcX
435,5. Kapitel,Jakob Twinger von Königshofen,,,ngTI0p575SeFdRIEkS798Eep
435,5. Kapitel,Jakob Twinger von Königshofen,,,ngUJ0K676SJGdSJBlSM0cFfSbSG
435,5. Kapitel,Jakob Twinger von Königshofen,,,ngVK0L777TKHdTKUmTt19GgFcVX
435,5. Kapitel,Jakob Twinger von Königshofen,,,ngWL0M878ULI8ULDnVE23HhQdVI
435,5. Kapitel,Jakob Twinger von Königshofen,,,ngYN1O070WNKiWNnpWQ4iJjufWA
435,5. Kapitel,Jakob Twinger von Königshofen,,,ngZO1r171YEL6XOKqX355KkB
435,5. Kapitel,Jakob Twinger von Königshofen,,,ngBQ1t373BGNjZQWsZz76MmD
435,5. Kapitel,Jakob Twinger von Königshofen,,,ngCR1u474CROkARTtA68kNnA
435,5. Kapitel,Jakob Twinger von Königshofen,,,ngHW1d979FsT9FWKyHZ3rSsJ
435,5. Kapitel,Jakob Twinger von Königshofen,,,ngJY2Z171HOV4HYUaIB5tUuHqIr
435,5. Kapitel,Jakob Twinger von Königshofen,,,ngLA2B373JQX4JAacLD74WwzsLN
435,5. Kapitel,Jakob Twinger von Königshofen,,,ngMB2C474KhYuKBZdKU88XxWtKe
435,5. Kapitel,Jakob Twinger von Königshofen,,,ngNC2D575LSZ9LCgeMF95YyXuMP
435,5. Kapitel,Jakob Twinger von Königshofen,,,ngOD2E676MjAzMDBfN809ZzQvNA
435,5. Kapitel,Jakob Twinger von Königshofen,,,ngQF2G878OlCzOFLhOo2zBbGxPC
435,5. Kapitel,Jakob Twinger von Königshofen,,,ngRG2H979PmD0PGUiQZ3cCcnyQz
435,5. Kapitel,Jakob Twinger von Königshofen,,,ngTI3J171RoFeRIOkSr56EelaSl
435,5. Kapitel,Jakob Twinger von Königshofen,,,ngVK3L373TKH4TKCmTt7eGgHcUH
435,5. Kapitel,Jakob Twinger von Königshofen,,,ngWL3M474ULI9ULtnUE87HhGdWY
435,5. Kapitel,Jakob Twinger von Königshofen,,,ngYN3O676WNK9WNrpX801JjmfYA
435,5. Kapitel,Jakob Twinger von Königshofen,,,ngZO3P777XELjXOMqXR1jKkrgYL
435,5. Kapitel,Jakob Twinger von Königshofen,,,ngCR4S070AHO0ARXtAK4nNnyjAu
435,5. Kapitel,Jakob Twinger von Königshofen,,,ngET4U272CpQ6CTLvCM64PpGlDw
435,5. Kapitel,Jakob Twinger von Königshofen,,,ngFU4V373DqR6DUEwFN75QqPmDH
435,5. Kapitel,Jakob Twinger von Königshofen,,,ngGV4W474ErS6EVJxFY8oRrMnEy
435,5. Kapitel,Jakob Twinger von Königshofen,,,ngHW4X575GWTpFWwyFf98SsJoFp
435,5. Kapitel,Jakob Twinger von Königshofen,,,ngIX4Y676GtU1GXTzGA09TtwpIU
435,5. Kapitel,Jakob Twinger von Königshofen,,,ngJY4Z777IYVuHYcaJR17UuTqIL
435,5. Kapitel,Jakob Twinger von Königshofen,,,ngKZ4A878JZWuIZhbI022VvUrJW
435,5. Kapitel,Jakob Twinger von Königshofen,,,ngLA4B979KAXuJAecJT33WwdsJt
435,5. Kapitel,Jakob Twinger von Königshofen,,,ngMB5C070LBY2KBDdKE41XxWtLu
435,5. Kapitel,Jakob Twinger von Königshofen,,,ngNC5D171MCZ2LCEeMF56YyXuMZ
435,5. Kapitel,Jakob Twinger von Königshofen,,,ngOD5E272MjA6MDNfMG6xZzQvMQ
435,5. Kapitel,Jakob Twinger von Königshofen,,,ngPE5F373NkB6NEOgOH74AaFwNB
435,5. Kapitel,Jakob Twinger von Königshofen,,,ngQF5G474OlC6OFPhQI89BbGxPS
435,5. Kapitel,Jakob Twinger von Königshofen,,,ngRG5H575PcDzPGYiPZ9bCcTyRD
435,5. Kapitel,Jakob Twinger von Königshofen,,,ngSH5I676QnE1QHZjRA08DdIzRa
435,5. Kapitel,Jakob Twinger von Königshofen,,,ngTI5J777RoF1RIEkRL1bEeZaRF
435,5. Kapitel,Jakob Twinger von Königshofen,,,ngWL6M070UhI2ULJnVE40HhMdVI
435,5. Kapitel,Jakob Twinger von Königshofen,,,ngXM6N171ViJ1VMuoV351IiZeXZ
435,5. Kapitel,Jakob Twinger von Königshofen,,,ngZO6P373YEL8XOUqX575KkvgYB
435,5. Kapitel,Jakob Twinger von Königshofen,,,ngAP6Q474ZFM8YPRrYI87LlYhAM
435,5. Kapitel,Jakob Twinger von Königshofen,,,ngBQ6R575AwNlZQEsZT9mMmtiBD
435,5. Kapitel,Jakob Twinger von Königshofen,,,ngCR6S676BxOlARFtBU00NnWjAO
435,5. Kapitel,Jakob Twinger von Königshofen,,,ngDS6T777CyPlBSCuBb11OoPkBl
435,5. Kapitel,Jakob Twinger von Königshofen,,,ngET6U878DzQ8CTPvCM29PpKlCQ
435,5. Kapitel,Jakob Twinger von Königshofen,,,ngFU6V979EaRqDUQwEN33QqxmFH
435,5. Kapitel,Jakob Twinger von Königshofen,,,ngGV7W070FbSqEVNxE245RrSnFI
436,6. Kapitel/Register,Jakob Twinger von Königshofen,,,ngGV4W474ErS6EVFxFO8qRrMnFy
436,6. Kapitel/Register,Jakob Twinger von Königshofen,,,ngHW4X575GWTpFWOyHZ96SsToGp
436,6. Kapitel/Register,Jakob Twinger von Königshofen,,,ngIX4Y676GtU1GXxzG801TtepGU
436,6. Kapitel/Register,Jakob Twinger von Königshofen,,,ngMB5C070LBY2KBZdKk4uXxCtMO
436,6. Kapitel/Register,Jakob Twinger von Königshofen,,,ngRG5H575PcDzPGUiRJ96CcLyQD
436,6. Kapitel/Register,Jakob Twinger von Königshofen,,,ngUJ5K878SfGeSJnlTs2cFfAbUW
436,6. Kapitel/Register,Jakob Twinger von Königshofen,,,ngCR6S676BxOlARFtB801NnujBO
436,6. Kapitel/Register,Jakob Twinger von Königshofen,,,ngDS6T777CyPlBSCuBV18OozkDF
436,6. Kapitel/Register,Jakob Twinger von Königshofen,,,ngFU6V979EaRqDUMwDd34QqxmFH
436,6. Kapitel/Register,Jakob Twinger von Königshofen,,,ngHW7X171GcT3FWeyFP52SsXoGT
436,6. Kapitel/Register,Jakob Twinger von Königshofen,,,ngIX7Y272HdU3GXfzGA63TtOpGK
436,6. Kapitel/Register,Jakob Twinger von Königshofen,,,ngJY7Z373IYV8HYWaHB7uUuDqJV
436,6. Kapitel/Register,Jakob Twinger von Königshofen,,,ngKZ7A474JZW7IZhbKS8vVvQrIs
436,6. Kapitel/Register,Jakob Twinger von Königshofen,,,ngMB7C676LRYvKBLdL801XxOtLu
436,6. Kapitel/Register,Jakob Twinger von Königshofen,,,ngPE7F979OUBaNESgNn33AaBwNh
436,6. Kapitel/Register,Jakob Twinger von Königshofen,,,ngQF8G070PVCaOFThOY44BbKxPC
436,6. Kapitel/Register,Jakob Twinger von Königshofen,,,ngRG8H171QWD3PGCiQZ5aCcPyRT
436,6. Kapitel/Register,Jakob Twinger von Königshofen,,,ngUJ8K474SpGeSJPlT68dFfE
436,6. Kapitel/Register,Jakob Twinger von Königshofen,,,ngAP9Q070ZvM2YPHrYI42Llo
436,6. Kapitel/Register,Jakob Twinger von Königshofen,,,ngCR9S272CHO5ARTtAU6mNny
436,6. Kapitel/Register,Jakob Twinger von Königshofen,,,ngFU9V575DKRoDUMwFX95Q6n
436,6. Kapitel/Register,Jakob Twinger von Königshofen,,,ngGV9W676EVS7EVXxE81uRrW
436,6. Kapitel/Register,Jakob Twinger von Königshofen,,,ngJY9x979HuV4HYyaIB33U0r
436,6. Kapitel/Register,Jakob Twinger von Königshofen,,,ngRG0n373RWDaPGMiQJ7bCcX
436,6. Kapitel/Register,Jakob Twinger von Königshofen,,,ngZO1r171YEL6XOKqX355KkB
436,6. Kapitel/Register,Jakob Twinger von Königshofen,,,ngCR1u474CROkARTtA68kNnA
436,6. Kapitel/Register,Jakob Twinger von Königshofen,,,ngWL3M474ULI9ULtnUE87HhGdWY
436,6. Kapitel/Register,Jakob Twinger von Königshofen,,,ngYN3O676WNK9WNrpX801JjmfYA
436,6. Kapitel/Register,Jakob Twinger von Königshofen,,,ngZO3P777XELjXOMqXR1jKkrgYL
436,6. Kapitel/Register,Jakob Twinger von Königshofen,,,ngCR4S070AHO0ARXtAK4nNnyjAu
436,6. Kapitel/Register,Jakob Twinger von Königshofen,,,ngGV4W474ErS6EVJxFY8oRrMnEy
436,6. Kapitel/Register,Jakob Twinger von Königshofen,,,ngHW4X575GWTpFWwyFf98SsJoFp
436,6. Kapitel/Register,Jakob Twinger von Königshofen,,,ngIX4Y676GtU1GXTzGA09TtwpIU
436,6. Kapitel/Register,Jakob Twinger von Königshofen,,,ngMB5C070LBY2KBDdKE41XxWtLu
436,6. Kapitel/Register,Jakob Twinger von Königshofen,,,ngNC5D171MCZ2LCEeMF56YyXuMZ
436,6. Kapitel/Register,Jakob Twinger von Königshofen,,,ngOD5E272MjA6MDNfMG6xZzQvMQ
436,6. Kapitel/Register,Jakob Twinger von Königshofen,,,ngPE5F373NkB6NEOgOH74AaFwNB
436,6. Kapitel/Register,Jakob Twinger von Königshofen,,,ngQF5G474OlC6OFPhQI89BbGxPS
436,6. Kapitel/Register,Jakob Twinger von Königshofen,,,ngRG5H575PcDzPGYiPZ9bCcTyRD
436,6. Kapitel/Register,Jakob Twinger von Königshofen,,,ngSH5I676QnE1QHZjRA08DdIzRa
436,6. Kapitel/Register,Jakob Twinger von Königshofen,,,ngTI5J777RoF1RIEkRL1bEeZaRF
436,6. Kapitel/Register,Jakob Twinger von Königshofen,,,ngUJ5K878SfGeSJjlSs2fFfSbTW
436,6. Kapitel/Register,Jakob Twinger von Königshofen,,,ngWL6M070UhI2ULJnVE40HhMdVI
436,6. Kapitel/Register,Jakob Twinger von Königshofen,,,ngXM6N171ViJ1VMuoV351IiZeXZ
436,6. Kapitel/Register,Jakob Twinger von Königshofen,,,ngZO6P373YEL8XOUqX575KkvgYB
436,6. Kapitel/Register,Jakob Twinger von Königshofen,,,ngBQ6R575AwNlZQEsZT9mMmtiBD
436,6. Kapitel/Register,Jakob Twinger von Königshofen,,,ngET6U878DzQ8CTPvCM29PpKlCQ
436,6. Kapitel/Register,Jakob Twinger von Königshofen,,,ngFU6V979EaRqDUQwEN33QqxmFH
437,7. Inhaltsverzeichnis,Jakob Twinger von Königshofen,,,ngGV4W474ErS6EVFxFO8qRrMnFy
437,7. Inhaltsverzeichnis,Jakob Twinger von Königshofen,,,ngLA4B979KAXuJAacLD34WwBsJN
437,7. Inhaltsverzeichnis,Jakob Twinger von Königshofen,,,ngNC5D171MCZ2LCAeLV5vYyPuLZ
437,7. Inhaltsverzeichnis,Jakob Twinger von Königshofen,,,ngTI5J777RoF1RIWkSr1eEepaRF
437,7. Inhaltsverzeichnis,Jakob Twinger von Königshofen,,,ngUJ5K878SfGeSJnlTs2cFfAbUW
437,7. Inhaltsverzeichnis,Jakob Twinger von Königshofen,,,ngWL6M070UhI2ULJnWO4hHhUdUI
437,7. Inhaltsverzeichnis,Jakob Twinger von Königshofen,,,ngXM6N171ViJ1VMuoVF5fIiZeWZ
437,7. Inhaltsverzeichnis,Jakob Twinger von Königshofen,,,ngKZ7A474JZW7IZhbKS8vVvQrIs
437,7. Inhaltsverzeichnis,Jakob Twinger von Königshofen,,,ngLA7B575KAX7JAicLD9vWwRsKX
437,7. Inhaltsverzeichnis,Jakob Twinger von Königshofen,,,ngNC7D777MSZvLCMeMl12YyfuLZ
437,7. Inhaltsverzeichnis,Jakob Twinger von Königshofen,,,ngVK8L575TAHdTKCmTt9gGgL
437,7. Inhaltsverzeichnis,Jakob Twinger von Königshofen,,,ngRG0n373RWDaPGMiQJ7bCcX
437,7. Inhaltsverzeichnis,Jakob Twinger von Königshofen,,,ngVK0L777TKHdTKUmTt19GgFcVX
437,7. Inhaltsverzeichnis,Jakob Twinger von Königshofen,,,ngWL0M878ULI8ULDnVE23HhQdVI
437,7. Inhaltsverzeichnis,Jakob Twinger von Königshofen,,,ngAP1s272ZPM7YPHrZS6iLlw
437,7. Inhaltsverzeichnis,Jakob Twinger von Königshofen,,,ngLA2B373JQX4JAacLD74WwzsLN
437,7. Inhaltsverzeichnis,Jakob Twinger von Königshofen,,,ngOD2E676MjAzMDBfN809ZzQvNA
437,7. Inhaltsverzeichnis,Jakob Twinger von Königshofen,,,ngVK3L373TKH4TKCmTt7eGgHcUH
437,7. Inhaltsverzeichnis,Jakob Twinger von Königshofen,,,ngHW4X575GWTpFWwyFf98SsJoFp
437,7. Inhaltsverzeichnis,Jakob Twinger von Königshofen,,,ngJY4Z777IYVuHYcaJR17UuTqIL
437,7. Inhaltsverzeichnis,Jakob Twinger von Königshofen,,,ngMB5C070LBY2KBDdKE41XxWtLu
437,7. Inhaltsverzeichnis,Jakob Twinger von Königshofen,,,ngNC5D171MCZ2LCEeMF56YyXuMZ
437,7. Inhaltsverzeichnis,Jakob Twinger von Königshofen,,,ngCR6S676BxOlARFtBU00NnWjAO
438,Unbekannte Kapitelanordnung,Jakob Twinger von Königshofen,,,ngJY4Z777IYVuHYgaI91uUuVqHL
438,Unbekannte Kapitelanordnung,Jakob Twinger von Königshofen,,,ngYN8O878WjK8WNTpYG29JjS
438,Unbekannte Kapitelanordnung,Jakob Twinger von Königshofen,,,ngXM0N979VMJiVMEoWP33IipeWf
438,Unbekannte Kapitelanordnung,Jakob Twinger von Königshofen,,,ngET1a676CJQpCTbvEM0nPps
438,Unbekannte Kapitelanordnung,Jakob Twinger von Königshofen,,,ngIX2e070GdU0GXHzIA4qTtC
438,Unbekannte Kapitelanordnung,Jakob Twinger von Königshofen,,,ngSH3I070QnE0QHVjRK4dDdkzSU
439,Liste der Straßburger Ammeister bis 1567/77,,,,ngNC2D575LSZ9LCgeMF95YyXuMP
440,Denkschrift De successione Romani Imperii pro domo Austriaca (an Karl V. 23.4.1546),,,,ngIX2e070GdU0GXHzIA4qTtC
441,Osterichische vnnd Burgundische vereinigung mit den Eydgenossen ussgericht 1511,,,,ngIX2e070GdU0GXHzIA4qTtC
442,Tractatus de translatione Romani Imperii,Landulffus de Callumna,,,ngIX2e070GdU0GXHzIA4qTtC
443,Proclamatio Caroli Quinti Regis Hispaniar. in regem Romanor. etc. (Frankfurt 1531),,,,ngIX2e070GdU0GXHzIA4qTtC
444,Proclamation khunigs Ferdinandi in regem Romanor. etc. (1531),,,,ngIX2e070GdU0GXHzIA4qTtC
445,Eid Juramentum solitum Principum in conferendis feudis regalibus et Imperialibus,,,,ngIX2e070GdU0GXHzIA4qTtC
446,Eid der Stadt Schweinfurt,,,,ngIX2e070GdU0GXHzIA4qTtC
447,Eid der Speyrer für Fürstbischof Philipp (12.12.1530),,,,ngIX2e070GdU0GXHzIA4qTtC
448,Eid Iuramentum principum uel legatorum,,,Beeidung der Reichsstadt,ngIX2e070GdU0GXHzIA4qTtC
449,Eide der Bürger von Aachen und Köln für Ferdinand (1531),,,,ngIX2e070GdU0GXHzIA4qTtC
450,"""In Carol. V. Imperat. Ad uiuum depictum Jo. Mar. Epigramma: """"Carolus ille pater …""""""",,,,ngIX2e070GdU0GXHzIA4qTtC
451,"""Weissagung: """"Eyn vast alt Prognostication, odder Weiyssagung"""" (Druck)""",,,,ngIX2e070GdU0GXHzIA4qTtC
452,Genealogische Aufzeichnungen: De Imperii Romani foelici successu a Carolo Magno inde usque ad Carolum Maximum,,,,ngIX2e070GdU0GXHzIA4qTtC
453,De antiquitate quadam pro foribus templi Wormatiensis apprime visenda,,,,ngIX2e070GdU0GXHzIA4qTtC
454,Prophetia inuenta in Bohemia in quodam Coenobiorum Benedictini Ordinis,,,,ngIX2e070GdU0GXHzIA4qTtC
455,Gedichte,Johannes Sapidus Beato Rhenano,,,ngIX2e070GdU0GXHzIA4qTtC
456,Epigramm In Balthasarum Merklin Episcopam vulgo Praepositum in Waldkirch,,,,ngIX2e070GdU0GXHzIA4qTtC
457,Epitaph für Nicolaus Ecmondanus,,,,ngIX2e070GdU0GXHzIA4qTtC
458,Distichon Graequae Latinaeque Linguae studiosi omnes moesti,Johannes Froben/Andrea Alciato Mediolanenso,,,ngIX2e070GdU0GXHzIA4qTtC
459,Fortitudini et bonae fortunae dicatum,,,,ngIX2e070GdU0GXHzIA4qTtC
460,Gedichte,,,,ngIX2e070GdU0GXHzIA4qTtC
461,Weissagung der Brigitta für Joan. Virdun. Haszfurtiano,,,,ngIX2e070GdU0GXHzIA4qTtC
462,Vom Kunigreich Franckreich,,,,ngIX2e070GdU0GXHzIA4qTtC
463,Prophezeihung (Sibille?),,,,ngIX2e070GdU0GXHzIA4qTtC
464,Entwurf eines Lohnvertrags (Bergzabern 1552),,,lat.,ngIX2e070GdU0GXHzIA4qTtC
465,Straßburger Chronik 1260-1439,D. Joannes Marquardus de Husenn Jnrecos,,,ngIX2e070GdU0GXHzIA4qTtC
466,Vorstellungen Straßburger Kleriker an Fürstbischof Wilheln bzw. Seelsorge,,,lat.,ngIX2e070GdU0GXHzIA4qTtC
467,Bericht über Störung des kath. Gottestdienstes im Straßburger Münster (1550),,,,ngIX2e070GdU0GXHzIA4qTtC
468,Dokumente über Eigentumsrecht an Ebersheimmünster zwischen Abt und Konvent und Bischof von Straßburg,,,,ngIX2e070GdU0GXHzIA4qTtC
469,In Musas Orpheus,,,,ngIX2e070GdU0GXHzIA4qTtC
470,Glossar zur Klärung alter Wortformen,,,,ngBQ1t373BGNjZQWsZz76MmD
471,Bericht zum Burgundischen Krieg 2,,,,ngNC2D575LSZ9LCgeMF95YyXuMP
472,Verfassung Straßburgs von 1482,,,,ngNC2D575LSZ9LCgeMF95YyXuMP
473,Gründungsurkunde und Privilegien der Universität Freiburg (1457),,,,ngNC2D575LSZ9LCgeMF95YyXuMP
474,Chronik 40-1550 n. Chr.,,,,ngNC2D575LSZ9LCgeMF95YyXuMP
478,Aufzeichnungen (1599),,,,ngPE7F979OUBaNESgNn33AaBwNh
479,Liste der Straßburger Ammeister bis 1592,,,,ngXM8N777WMJhVMmoWF19IiN
481,Salzburger Bischofsliste: Chronicon Salisburgense,,,dt. Übersetzung,ngRG8H171QWD3PGCiQZ5aCcPyRT
482,Auszug der Kinder Israel,Marquard von Lindau,,,ngFU1b777DURqDUywFN17QqZ
483,Dekalog,Marquard von Lindau,,,ngFU1b777DURqDUywFN17QqZ
484,Epistola Morbosani/Sultansbrief an Papst Nikolaus V.,Sultan Morbosanus,,,ngUJ5K878SfGeSJnlTs2cFfAbUW
484,Epistola Morbosani/Sultansbrief an Papst Nikolaus V.,Sultan Morbosanus,,,ngIX7Y272HdU3GXfzGA63TtOpGK
485,Notizen zu Hagenau (1443-86),,,,ngZO6P373YEL8XOUqX575KkvgYB
486,Bulle über die Form des Basler Konzils 22.10.1437,,,,ngJY4Z777IYVuHYgaI91uUuVqHL
487,Konstanzer Bischofsliste,,,lat.,ngLA4B979KAXuJAacLD34WwBsJN
488,Tage der Buße vor dem Jüngsten Gericht,,,,ngGV1y878GLSrEVvxGY23Rrc
489,Die fünfzehn Zeichen des Jüngsten Tages (Petrus-Comestor-Typ),,,,ngGV1y878GLSrEVvxGY23Rrc
491,Annalistische Aufzeichnungen zu Straßburg in der Reformationszeit 1519-1591,,,,ngQF2G878OlCzOFLhOo2zBbGxPC
491,Annalistische Aufzeichnungen zu Straßburg in der Reformationszeit 1519-1591,,,,ngRG2H979PmD0PGUiQZ3cCcnyQz
492,Liste der Straßburger Ammeister bis 1569,,,,ngQF2G878OlCzOFLhOo2zBbGxPC
492,Liste der Straßburger Ammeister bis 1569,,,,ngRG2H979PmD0PGUiQZ3cCcnyQz
493,Verfassung Straßburgs (undatiert),,,,ngQF2G878OlCzOFLhOo2zBbGxPC
493,Verfassung Straßburgs (undatiert),,,,ngRG2H979PmD0PGUiQZ3cCcnyQz
494,Dekret über Kinder in der Kirche,,,Straßburg 1534,ngQF2G878OlCzOFLhOo2zBbGxPC
494,Dekret über Kinder in der Kirche,,,Straßburg 1534,ngRG2H979PmD0PGUiQZ3cCcnyQz
495,Ordnung der Kirchenpfleger Straßburgs 1531,,,,ngQF2G878OlCzOFLhOo2zBbGxPC
495,Ordnung der Kirchenpfleger Straßburgs 1531,,,,ngRG2H979PmD0PGUiQZ3cCcnyQz
496,Bericht zum Burgundischen Krieg 4,,,,ngSH3I070QnE0QHVjRK4dDdkzSU
498,Chronik 1473-1475,,,bes. zu Burgund,ngZO3P777XELjXOMqXR1jKkrgYL
499,Bericht zum Burgundischen Krieg 3,,,,ngGV4W474ErS6EVJxFY8oRrMnEy
500,Verzeichnis der Fürsten und Städte im Zug gegen Böhmen 1421,,,,ngHW4X575GWTpFWwyFf98SsJoFp
501,Liste der Straßburger Ammeister bis 1581,,,,ngQF0m272PFC6OFnhOY62BbA
502,Kaiserregister,,,alphabetisch,ngZO1r171YEL6XOKqX355KkB
503,Bericht über Burgunderkrieg,,,von Belagerung von Neuss 1474 bis 1477,ngWL6M070UhI2ULJnVE40HhMdVI
504,Register,,,,ngGV7W070FbSqEVRxGY4rRrQnFI
505,Konstanzer Bischofsliste bis Johannes V. von Wetza,Heinrich Bullinger,,,ngDS6T777CyPlBSCuBb11OoPkBl
506,Bericht über das Kloster Einsiedeln und seine Äbte,Heinrich Bullinger,,,ngDS6T777CyPlBSCuBb11OoPkBl
507,Notizen über das römische Helvetien,Heinrich Bullinger,,,ngDS6T777CyPlBSCuBb11OoPkBl
508,Notizen über schweizerische Dynasten,Heinrich Bullinger,,,ngDS6T777CyPlBSCuBb11OoPkBl
509,Notizen über Guglerkrieg,,,Schlacht am Morgarten etc.,ngDS6T777CyPlBSCuBb11OoPkBl
510,Notizen über die schweizerische Reformation,Heinrich Bullinger,,,ngDS6T777CyPlBSCuBb11OoPkBl
511,Epistolae obscurorum virorum,,,Druck,ngDS6T777CyPlBSCuBb11OoPkBl
512,Brief Franz' I. an Karl V. und dessen Antwort (28.3.1528/29.6.1528),,,lat.,ngDS6T777CyPlBSCuBb11OoPkBl
513,4 Epigramme geistlichen Inhalts,,,lat.,ngDS6T777CyPlBSCuBb11OoPkBl
514,Bericht über das Ende des Reichstags in Regensburg (1541),,,,ngDS6T777CyPlBSCuBb11OoPkBl
515,Teutscher Pasquillus (1543),,,,ngDS6T777CyPlBSCuBb11OoPkBl
516,Commentum Seu lectura … contra Haereticos,Bernhard Wartenbuch,,Druck VD16 W 1237,ngDS6T777CyPlBSCuBb11OoPkBl
517,Notizen über Schmalkaldischen Krieg,Heinrich Bullinger,,,ngDS6T777CyPlBSCuBb11OoPkBl
518,Briefe von und an Johannes Brenz (1546-1547),,,lat.,ngDS6T777CyPlBSCuBb11OoPkBl
519,Epistola R. P. Magistri Everardi Bilik,,,in: Platea Parionis (1546),ngDS6T777CyPlBSCuBb11OoPkBl
520,Konzept für Vortrag Heinrich Bullingers vor dem Rat über das Armenwesen (1551),Heinrich Bullinger,,,ngDS6T777CyPlBSCuBb11OoPkBl
522,Vermischte Notizen zur Zeitgeschichte,Heinrich Bullinger,,lat. und dt.,ngDS6T777CyPlBSCuBb11OoPkBl
523,Colloquia obscurorum theologorum,,,"Druck, 1530",ngDS6T777CyPlBSCuBb11OoPkBl
524,Manifest Philipps II. von Spanien wegen Unruhen in Flandern (1569),,,lat.,ngDS6T777CyPlBSCuBb11OoPkBl
525,De concilio cogitationes (1550),,,,ngDS6T777CyPlBSCuBb11OoPkBl
526,Concilium tridentinum non institutum esse ad inquirendam (1551),,,,ngDS6T777CyPlBSCuBb11OoPkBl
527,Notizen zum Konstanzer Konzil,,,,ngDS6T777CyPlBSCuBb11OoPkBl
528,Synodalrede (1545),,,,ngDS6T777CyPlBSCuBb11OoPkBl
529,Liste der Straßburger Ammeister bis 1574/86,,,,ngKZ4A878JZWuIZhbJi2uVvUrKW
530,Anonyme Schwabenkriegschronik,,,,ngHW1d979FsT9FWKyHZ3rSsJ
531,Chronikalische Aufzeichnungen,Erhard von Appenwiler,,,ngIX7Y272HdU3GXfzGA63TtOpGK
532,Fehdebrief des Sultans,,,,ngIX7Y272HdU3GXfzGA63TtOpGK
532,Fehdebrief des Sultans,,,,ngJY2Z171HOV4HYUaIB5tUuHqIr
533,Littera soldani/Einladungsschreiben des Sultans,,,,ngIX7Y272HdU3GXfzGA63TtOpGK
533,Littera soldani/Einladungsschreiben des Sultans,,,,ngJY2Z171HOV4HYUaIB5tUuHqIr
534,Kompilation aus chronikalischen Aufzeichnungen von Erhard von Appenwiler und Beinheim,,,,ngHW1d979FsT9FWKyHZ3rSsJ
534,Kompilation aus chronikalischen Aufzeichnungen von Erhard von Appenwiler und Beinheim,,,,ngJY2Z171HOV4HYUaIB5tUuHqIr
535,Fehde zwischen Pfalz und Baden,,,,ngJY2Z171HOV4HYUaIB5tUuHqIr
536,Bericht über die Belagerung Waldshuts 1468,,,,ngJY2Z171HOV4HYUaIB5tUuHqIr
537,Historiographische Aufzeichnungen,Conrad Schnith,,,ngJY2Z171HOV4HYUaIB5tUuHqIr
538,Historiographische Aufzeichnungen,Adelberg Meyer,,,ngJY2Z171HOV4HYUaIB5tUuHqIr
539,Tagelied,Anonym,,,ngFU4V373DqR6DUEwEd7pQqDmDn
540,Passionstraktat,Heinrich von St. Gallen,,,ngPE5F373NkB6NESgNn74AaRwOh
541,Exempel von Priester und Ritter,,,,ngPE5F373NkB6NESgNn74AaRwOh
542,Exempel vom Wucherer,,,,ngPE5F373NkB6NESgNn74AaRwOh
543,Zwölf Früchte der Eucharistie,,,,ngPE5F373NkB6NESgNn74AaRwOh
544,Buch der Könige,,,,ngPE5F373NkB6NESgNn74AaRwOh
545,Exempel über die Trägheit im Gottesdienst,,,,ngPE5F373NkB6NESgNn74AaRwOh
546,Judeneid,,,,ngPE5F373NkB6NESgNn74AaRwOh
547,Judith (Prosafassung),,,,ngPE5F373NkB6NESgNn74AaRwOh
548,Hester (Prosafassung),,,,ngPE5F373NkB6NESgNn74AaRwOh
549,Steirische Reimchronik,Ottokar von Steiermark,,,ngPE5F373NkB6NESgNn74AaRwOh
550,Elsässisches Trojabuch,,,,ngPE5F373NkB6NESgNn74AaRwOh
551,Sieben weise Meister,,,,ngPE5F373NkB6NESgNn74AaRwOh
552,Gesta Romanorum,,,dt.,ngPE5F373NkB6NESgNn74AaRwOh
553,Speculum artis bene moriendi,,,dt.,ngPE5F373NkB6NESgNn74AaRwOh
554,Allegorische Auslegung der heiligen Messe,,,,ngPE5F373NkB6NESgNn74AaRwOh
555,Griseldis,Heinrich Steinhöwel,,,ngPE5F373NkB6NESgNn74AaRwOh
556,Fegefeuer des hl. Patricius,,,,ngPE5F373NkB6NESgNn74AaRwOh
556,Fegefeuer des hl. Patricius,,,,ngAP3Q878YFMjYPNrZS20LlshZC
557,Der Herr von Braunschweig,,,,ngPE5F373NkB6NESgNn74AaRwOh
